CREATE DATABASE  IF NOT EXISTS `ntic` /*!40100 DEFAULT CHARACTER SET latin1 */ /*!80016 DEFAULT ENCRYPTION='N' */;
USE `ntic`;
-- MySQL dump 10.13  Distrib 8.0.18, for Win64 (x86_64)
--
-- Host: localhost    Database: ntic
-- ------------------------------------------------------
-- Server version	8.0.18

/*!40101 SET @OLD_CHARACTER_SET_CLIENT=@@CHARACTER_SET_CLIENT */;
/*!40101 SET @OLD_CHARACTER_SET_RESULTS=@@CHARACTER_SET_RESULTS */;
/*!40101 SET @OLD_COLLATION_CONNECTION=@@COLLATION_CONNECTION */;
/*!50503 SET NAMES utf8 */;
/*!40103 SET @OLD_TIME_ZONE=@@TIME_ZONE */;
/*!40103 SET TIME_ZONE='+00:00' */;
/*!40014 SET @OLD_UNIQUE_CHECKS=@@UNIQUE_CHECKS, UNIQUE_CHECKS=0 */;
/*!40014 SET @OLD_FOREIGN_KEY_CHECKS=@@FOREIGN_KEY_CHECKS, FOREIGN_KEY_CHECKS=0 */;
/*!40101 SET @OLD_SQL_MODE=@@SQL_MODE, SQL_MODE='NO_AUTO_VALUE_ON_ZERO' */;
/*!40111 SET @OLD_SQL_NOTES=@@SQL_NOTES, SQL_NOTES=0 */;

--
-- Table structure for table `absence`
--

DROP TABLE IF EXISTS `absence`;
/*!40101 SET @saved_cs_client     = @@character_set_client */;
/*!50503 SET character_set_client = utf8mb4 */;
CREATE TABLE `absence` (
  `code_seance` varchar(10) NOT NULL,
  `id_etudiant` int(11) NOT NULL,
  `numero_absence` int(11) NOT NULL AUTO_INCREMENT,
  `date_absence` date DEFAULT NULL,
  PRIMARY KEY (`numero_absence`),
  KEY `fk_Seance_has_Etudiant_Seance` (`code_seance`),
  KEY `fk_Seance_has_Etudiant_Etudiant` (`id_etudiant`),
  CONSTRAINT `fk_Seance_has_Etudiant_Etudiant` FOREIGN KEY (`id_etudiant`) REFERENCES `etudiant` (`id_etudiant`) ON DELETE CASCADE ON UPDATE CASCADE,
  CONSTRAINT `fk_Seance_has_Etudiant_Seance` FOREIGN KEY (`code_seance`) REFERENCES `seance` (`code_seance`) ON DELETE CASCADE ON UPDATE CASCADE
) ENGINE=InnoDB AUTO_INCREMENT=68 DEFAULT CHARSET=latin1;
/*!40101 SET character_set_client = @saved_cs_client */;

--
-- Dumping data for table `absence`
--

LOCK TABLES `absence` WRITE;
/*!40000 ALTER TABLE `absence` DISABLE KEYS */;
INSERT INTO `absence` VALUES ('2',15,57,'2020-05-07'),('2',15,58,'2020-05-07'),('2',15,59,'2020-05-07'),('2',14,60,'2020-05-07'),('2',14,61,'2020-05-07'),('2',12,62,'2020-05-22'),('2',14,63,'2020-05-22'),('2',15,66,'2020-06-30');
/*!40000 ALTER TABLE `absence` ENABLE KEYS */;
UNLOCK TABLES;

--
-- Table structure for table `admin`
--

DROP TABLE IF EXISTS `admin`;
/*!40101 SET @saved_cs_client     = @@character_set_client */;
/*!50503 SET character_set_client = utf8mb4 */;
CREATE TABLE `admin` (
  `id_admin` int(11) NOT NULL,
  `date_nomination` date DEFAULT NULL,
  PRIMARY KEY (`id_admin`),
  KEY `fk_Admin_Utilisateur` (`id_admin`),
  CONSTRAINT `fk_Admin_Utilisateur` FOREIGN KEY (`id_admin`) REFERENCES `utilisateur` (`id_utilisateur`) ON DELETE CASCADE ON UPDATE CASCADE
) ENGINE=InnoDB DEFAULT CHARSET=latin1;
/*!40101 SET character_set_client = @saved_cs_client */;

--
-- Dumping data for table `admin`
--

LOCK TABLES `admin` WRITE;
/*!40000 ALTER TABLE `admin` DISABLE KEYS */;
/*!40000 ALTER TABLE `admin` ENABLE KEYS */;
UNLOCK TABLES;

--
-- Table structure for table `changementseance`
--

DROP TABLE IF EXISTS `changementseance`;
/*!40101 SET @saved_cs_client     = @@character_set_client */;
/*!50503 SET character_set_client = utf8mb4 */;
CREATE TABLE `changementseance` (
  `code_seance` varchar(10) NOT NULL,
  `nouveau_jour` enum('dimanche','lundi','mardi','mercredi','jeudi') NOT NULL,
  `nouvelle_heure` enum('8:30','10:00','11:30','13:00','14:30') NOT NULL,
  `etat_demande` enum('valide','refuse','nonTraite') NOT NULL DEFAULT 'nonTraite',
  PRIMARY KEY (`code_seance`),
  CONSTRAINT `code_seance_demande_fk` FOREIGN KEY (`code_seance`) REFERENCES `seance` (`code_seance`) ON DELETE CASCADE ON UPDATE CASCADE
) ENGINE=InnoDB DEFAULT CHARSET=latin1;
/*!40101 SET character_set_client = @saved_cs_client */;

--
-- Dumping data for table `changementseance`
--

LOCK TABLES `changementseance` WRITE;
/*!40000 ALTER TABLE `changementseance` DISABLE KEYS */;
INSERT INTO `changementseance` VALUES ('3','mercredi','8:30','nonTraite'),('4','mardi','10:00','nonTraite');
/*!40000 ALTER TABLE `changementseance` ENABLE KEYS */;
UNLOCK TABLES;

--
-- Table structure for table `chefdepartement`
--

DROP TABLE IF EXISTS `chefdepartement`;
/*!40101 SET @saved_cs_client     = @@character_set_client */;
/*!50503 SET character_set_client = utf8mb4 */;
CREATE TABLE `chefdepartement` (
  `id_chef_departement` int(11) NOT NULL,
  `date_nomination` date DEFAULT NULL,
  PRIMARY KEY (`id_chef_departement`),
  KEY `fk_ChefDepartement_Enseignant` (`id_chef_departement`),
  CONSTRAINT `fk_ChefDepartement_Enseignant` FOREIGN KEY (`id_chef_departement`) REFERENCES `enseignant` (`id_enseignant`) ON DELETE CASCADE ON UPDATE CASCADE
) ENGINE=InnoDB DEFAULT CHARSET=latin1;
/*!40101 SET character_set_client = @saved_cs_client */;

--
-- Dumping data for table `chefdepartement`
--

LOCK TABLES `chefdepartement` WRITE;
/*!40000 ALTER TABLE `chefdepartement` DISABLE KEYS */;
INSERT INTO `chefdepartement` VALUES (21,'2018-09-09');
/*!40000 ALTER TABLE `chefdepartement` ENABLE KEYS */;
UNLOCK TABLES;

--
-- Table structure for table `congeacademique`
--

DROP TABLE IF EXISTS `congeacademique`;
/*!40101 SET @saved_cs_client     = @@character_set_client */;
/*!50503 SET character_set_client = utf8mb4 */;
CREATE TABLE `congeacademique` (
  `numero_conge_academique` int(11) NOT NULL AUTO_INCREMENT,
  `id_etudiant` int(11) DEFAULT NULL,
  `fichier` blob NOT NULL,
  `etat` enum('valide','refuse','nonTraite') NOT NULL,
  PRIMARY KEY (`numero_conge_academique`),
  KEY `fk_CongeAcademique_Etudiant` (`id_etudiant`),
  CONSTRAINT `fk_CongeAcademique_Etudiant` FOREIGN KEY (`id_etudiant`) REFERENCES `etudiant` (`id_etudiant`) ON DELETE CASCADE ON UPDATE CASCADE
) ENGINE=InnoDB DEFAULT CHARSET=latin1;
/*!40101 SET character_set_client = @saved_cs_client */;

--
-- Dumping data for table `congeacademique`
--

LOCK TABLES `congeacademique` WRITE;
/*!40000 ALTER TABLE `congeacademique` DISABLE KEYS */;
/*!40000 ALTER TABLE `congeacademique` ENABLE KEYS */;
UNLOCK TABLES;

--
-- Table structure for table `departement`
--

DROP TABLE IF EXISTS `departement`;
/*!40101 SET @saved_cs_client     = @@character_set_client */;
/*!50503 SET character_set_client = utf8mb4 */;
CREATE TABLE `departement` (
  `code_departement` enum('MI','TLSI','IFA') NOT NULL,
  `id_chef_departement` int(11) DEFAULT NULL,
  PRIMARY KEY (`code_departement`),
  KEY `fk_Departement_ChefDepartement` (`id_chef_departement`),
  CONSTRAINT `fk_Departement_ChefDepartement` FOREIGN KEY (`id_chef_departement`) REFERENCES `chefdepartement` (`id_chef_departement`) ON DELETE CASCADE ON UPDATE CASCADE
) ENGINE=InnoDB DEFAULT CHARSET=latin1;
/*!40101 SET character_set_client = @saved_cs_client */;

--
-- Dumping data for table `departement`
--

LOCK TABLES `departement` WRITE;
/*!40000 ALTER TABLE `departement` DISABLE KEYS */;
INSERT INTO `departement` VALUES ('TLSI',NULL),('IFA',NULL),('MI',21);
/*!40000 ALTER TABLE `departement` ENABLE KEYS */;
UNLOCK TABLES;

--
-- Table structure for table `emploiedutemps`
--

DROP TABLE IF EXISTS `emploiedutemps`;
/*!40101 SET @saved_cs_client     = @@character_set_client */;
/*!50503 SET character_set_client = utf8mb4 */;
CREATE TABLE `emploiedutemps` (
  `numero_emploi` int(11) NOT NULL AUTO_INCREMENT,
  `emploi` blob NOT NULL,
  `specialite` varchar(10) NOT NULL,
  `id_chef_departement` int(11) DEFAULT NULL,
  PRIMARY KEY (`numero_emploi`),
  KEY `fk_EmploieDuTemps_ChefDepartement` (`id_chef_departement`),
  CONSTRAINT `fk_EmploieDuTemps_ChefDepartement` FOREIGN KEY (`id_chef_departement`) REFERENCES `chefdepartement` (`id_chef_departement`) ON DELETE CASCADE ON UPDATE CASCADE
) ENGINE=InnoDB DEFAULT CHARSET=latin1;
/*!40101 SET character_set_client = @saved_cs_client */;

--
-- Dumping data for table `emploiedutemps`
--

LOCK TABLES `emploiedutemps` WRITE;
/*!40000 ALTER TABLE `emploiedutemps` DISABLE KEYS */;
/*!40000 ALTER TABLE `emploiedutemps` ENABLE KEYS */;
UNLOCK TABLES;

--
-- Table structure for table `enseignant`
--

DROP TABLE IF EXISTS `enseignant`;
/*!40101 SET @saved_cs_client     = @@character_set_client */;
/*!50503 SET character_set_client = utf8mb4 */;
CREATE TABLE `enseignant` (
  `id_enseignant` int(11) NOT NULL,
  `grade` varchar(255) DEFAULT NULL,
  `code_departement` enum('MI','TLSI','IFA') DEFAULT NULL,
  PRIMARY KEY (`id_enseignant`),
  KEY `fk_Enseignant_Utilisateur` (`id_enseignant`),
  KEY `fk_Enseignant_Departement` (`code_departement`),
  CONSTRAINT `fk_Enseignant_Departement` FOREIGN KEY (`code_departement`) REFERENCES `departement` (`code_departement`) ON DELETE CASCADE ON UPDATE CASCADE,
  CONSTRAINT `fk_Enseignant_Utilisateur` FOREIGN KEY (`id_enseignant`) REFERENCES `utilisateur` (`id_utilisateur`) ON DELETE CASCADE ON UPDATE CASCADE
) ENGINE=InnoDB DEFAULT CHARSET=latin1;
/*!40101 SET character_set_client = @saved_cs_client */;

--
-- Dumping data for table `enseignant`
--

LOCK TABLES `enseignant` WRITE;
/*!40000 ALTER TABLE `enseignant` DISABLE KEYS */;
INSERT INTO `enseignant` VALUES (1,'Professeur','MI'),(2,'Professeur','TLSI'),(21,'Maître de conférences A','MI');
/*!40000 ALTER TABLE `enseignant` ENABLE KEYS */;
UNLOCK TABLES;

--
-- Table structure for table `enseignement`
--

DROP TABLE IF EXISTS `enseignement`;
/*!40101 SET @saved_cs_client     = @@character_set_client */;
/*!50503 SET character_set_client = utf8mb4 */;
CREATE TABLE `enseignement` (
  `id_enseignant` int(11) NOT NULL,
  `code_seance` varchar(10) NOT NULL,
  PRIMARY KEY (`id_enseignant`,`code_seance`),
  KEY `code_seance_fk2` (`code_seance`),
  CONSTRAINT `code_seance_fk2` FOREIGN KEY (`code_seance`) REFERENCES `seance` (`code_seance`) ON DELETE CASCADE ON UPDATE CASCADE,
  CONSTRAINT `id_enseignant_fk2` FOREIGN KEY (`id_enseignant`) REFERENCES `enseignant` (`id_enseignant`) ON DELETE CASCADE ON UPDATE CASCADE
) ENGINE=InnoDB DEFAULT CHARSET=latin1;
/*!40101 SET character_set_client = @saved_cs_client */;

--
-- Dumping data for table `enseignement`
--

LOCK TABLES `enseignement` WRITE;
/*!40000 ALTER TABLE `enseignement` DISABLE KEYS */;
INSERT INTO `enseignement` VALUES (2,'1'),(21,'2'),(1,'3'),(1,'4'),(21,'5');
/*!40000 ALTER TABLE `enseignement` ENABLE KEYS */;
UNLOCK TABLES;

--
-- Table structure for table `etudiant`
--

DROP TABLE IF EXISTS `etudiant`;
/*!40101 SET @saved_cs_client     = @@character_set_client */;
/*!50503 SET character_set_client = utf8mb4 */;
CREATE TABLE `etudiant` (
  `id_etudiant` int(11) NOT NULL,
  `annee` enum('L1','L2','L3','M1','M2') NOT NULL,
  `specialite` enum('MI','GL','SI','TI','SCI','STIC','STIW','RSD') NOT NULL,
  `section` int(11) NOT NULL,
  `groupe` int(11) NOT NULL,
  `etat` enum('actif','bloque') NOT NULL,
  `code_departement` enum('MI','TLSI','IFA') DEFAULT NULL,
  PRIMARY KEY (`id_etudiant`),
  KEY `fk_Etudiant_Utilisateur` (`id_etudiant`),
  KEY `fk_Etudiant_Departement` (`code_departement`),
  CONSTRAINT `fk_Etudiant_Departement` FOREIGN KEY (`code_departement`) REFERENCES `departement` (`code_departement`) ON DELETE CASCADE ON UPDATE CASCADE,
  CONSTRAINT `fk_Etudiant_Utilisateur` FOREIGN KEY (`id_etudiant`) REFERENCES `utilisateur` (`id_utilisateur`) ON DELETE CASCADE ON UPDATE CASCADE
) ENGINE=InnoDB DEFAULT CHARSET=latin1;
/*!40101 SET character_set_client = @saved_cs_client */;

--
-- Dumping data for table `etudiant`
--

LOCK TABLES `etudiant` WRITE;
/*!40000 ALTER TABLE `etudiant` DISABLE KEYS */;
INSERT INTO `etudiant` VALUES (3,'L2','MI',1,1,'actif','MI'),(4,'L2','MI',1,2,'actif','MI'),(5,'L2','MI',4,16,'actif','MI'),(6,'M2','GL',1,1,'actif','TLSI'),(7,'M2','RSD',1,2,'actif','IFA'),(8,'M1','STIC',1,3,'actif','IFA'),(9,'L3','GL',1,1,'actif','TLSI'),(10,'L3','SI',1,2,'actif','TLSI'),(11,'L1','MI',1,2,'actif','MI'),(12,'L2','MI',3,12,'actif','MI'),(13,'L3','GL',1,3,'actif','TLSI'),(14,'L2','MI',3,12,'actif','MI'),(15,'L2','MI',3,12,'actif','MI'),(16,'L2','MI',2,9,'actif','MI'),(17,'M1','GL',1,1,'actif','TLSI'),(18,'L2','MI',1,1,'actif','MI'),(19,'L2','MI',1,1,'actif','MI'),(20,'L3','GL',1,1,'actif','TLSI');
/*!40000 ALTER TABLE `etudiant` ENABLE KEYS */;
UNLOCK TABLES;

--
-- Table structure for table `justification`
--

DROP TABLE IF EXISTS `justification`;
/*!40101 SET @saved_cs_client     = @@character_set_client */;
/*!50503 SET character_set_client = utf8mb4 */;
CREATE TABLE `justification` (
  `numero_justification` int(11) NOT NULL AUTO_INCREMENT,
  `numero_absence` int(11) NOT NULL,
  `fichier` longblob NOT NULL,
  `extension` varchar(10) NOT NULL,
  `date_justification` date NOT NULL,
  `etat` enum('valide','refuse','nonTraite') NOT NULL,
  PRIMARY KEY (`numero_justification`,`numero_absence`),
  KEY `fk_Justification_Absence` (`numero_absence`),
  CONSTRAINT `fk_Justification_Absence` FOREIGN KEY (`numero_absence`) REFERENCES `absence` (`numero_absence`) ON DELETE CASCADE ON UPDATE CASCADE
) ENGINE=InnoDB AUTO_INCREMENT=18 DEFAULT CHARSET=latin1;
/*!40101 SET character_set_client = @saved_cs_client */;

--
-- Dumping data for table `justification`
--

LOCK TABLES `justification` WRITE;
/*!40000 ALTER TABLE `justification` DISABLE KEYS */;
INSERT INTO `justification` VALUES (15,62,_binary '\\\0JFIF\0\0\0\0\0\0\TExif\0\0II*\0\0\0\0\01\0\0\0\0>\0\0\02\0\0\0\0E\0\0\0;\0\0\0\0Y\0\0\0i\0\0\0\0`\0\0\0\0\0Picasa\02012:10:28 06:36:30\0Picasa\0\0\0\0\0\0\00220\0\0\0\0\0\0\0\0\0\0\0(\0\0\0\0\0\0:\0\0\0\0\0\0\\0\0\0 \0!\0\0\0\\0\0\0\0\0\0\02012:10:28 06:35:47\0ee1f8bef1f7fc101f7693f8025603217\0\0\0\0\0\0\0\00100\0\0\0\0\0\0\0\0\0\0\\0\0\0\0\0\0\0\0\0\0\0\0\0\0\Z\0\0\0\0\\\0\0\0\0\0\0d\0\0(\0\0\0\0\0\0\0\0\0\0\0l\0\0\0\0\0\0\\0\0\0\0\0\0H\0\0\0\0\0\0H\0\0\0\0\0\0\\\0JFIF\0\0\0\0\0\0\\0C\0	\Z!\Z\"$\"$\\0C\0\0x\0\"\0\\0\0\0\0\0\0\0\0\0\0\0\0\0\0\\0M\0\0\0\0\0!1A\\"QSUVaq\2#356Tt7Rbsu$Bcd\%C\\0\0\0\0\0\0\0\0\0\0\0\0\0\0\0\0\0\\0\0\0\0\0\0\0\0\0\0\0\0\0\0\0\0\0\\0\0\0?\0)\ G	$U\[fZ4\\@v;\\mKlE9;98\w\U\RJ\8% \\Q􎭳\\<\\X\n16mrNÈ@JCd\\\P;\\\أ\ri\]ӞV\TGs\\?\n8w=\0wv)X-\\\Z=0!6ox`!%J	\$\n\Ny[\RUWV\\\%&Dk{9\'+KeX\\;#x?i\\Z\mb\kщ\nBِ\\:\OX=b\%\\rۜ/lhq\{R!\mCvB򓎽\\+u6C.\d )A1\1\m¤!\(\\\	\nbդPٶÙ62aEԇ\>lx+JJvi\zܙԚ\\:\rN6\R/\>\*.(\8]%\\BJ\ko\\\0LA593kvRd6\\\\[\\\	*>2\951i\1̳뱙[\0L\\ԉ\Z^A#8\nhqյ(W9W\",\{in^\wP\(wl[lGf\!Tn̞}\6\u\\'\\6\\0\\.\j\\7*4\ZqPBK{G\	85I\zN]/R!\dEeq\I\\ed),\r\k	\\h4Aw=\0wv(\\\د/zOTK~W1][\rf\\܁qڐ\R\0\ׅ,$*\\Z\4\[S\}\\M\Gtģ	*\nTs\rVo\ \n=\0wv(\Zz\0\\\Wǳ\f{Ҍ\B]歳\08R\{ӞV\TAþ\ri\G|\Z\\b<\_*\04畸~+\Pod\W\'\\\\ZvE\q\\2[}\nB(9J0@#g~\Uo/\\屹5$>㐞e\-\+p\®B\'R~\0u\zj9f;I@p4]P\	\JN쨂<H\\-Wy)[8[H է\Jz!7jBkѡ0\"1)\D5oN\\it[b;\r#\N\5{w/L/\>]Y3Fh+}\ܽ0{twr\\c\\\#!kB\BT)\'>\\}wB$2\h+\ܽ0{twr\\c\Ւ\n\{w/L/\>]\ܽ0{ud\\\\繏G{w/L/\>]Y(r\\c\\\\\\繏VLњ\n\{w/L/\>]\ܽ0{ubq\6ڜZRJ\\0\\\̨\9\~_[\\P&\s.~׬mOZ70\-\:R\\@JH#V\\5<\^K\nq!ťJJ	\@\Od{\F\\\Fz\r\JfBm7-\n\Zw&\\\aj؀M$l\DZu\njNFs\nΩH:\J\\\0\]H_\\\i\R6\l\'\ \\\\0ݿ(j\+ğ\L\\j&%Z-\5ͤ\88d9㺁{Ɠb\\g\x\\}D\Q]\0\V\ܤ\\v\\\'E`q\3\ uԥ4FTU\+	X\<6s\5\+Z3)HA\\BV䀔H\ʊ`*}\i\Wi\\9T\\'\jRYicM\\m)-9j6a\\IZ\\\x\0\\)?#T?s_u\1\Z6\\487aj;Gg\8\9\\8\\\Y\\c#9=:G@px\0\X3]Q\Aqt\Ѯ>q\\Nw\\\;\~\\kѮ>r\:5\\)t\\9\7\\'\\{\Ax\\C1@m!\0\r\0|!\Q\䰈\\B\\\(\wm!h;\N3\9\5.\Z.%T\R\\[$!a`o!@A\x\\S5y-ĮL+;\*\\'y=b1tHe\fdbJ6VH\\\\\\p޳÷=pEHw\Y>	#fKآ৔\-/e!82q8$\qjvi	l\ R\r\	PNN\\ǅhgH\E\\\\\*LR\\\\`\0BH\\\ݽqw\'\SC\$c9\1wGp\`I;mu\Đ\h9Fww\\Z.P#7i\PǈS\Z\,##\\\=9<KI?\*\\[\0&\0\?\\0W?\.F	\$53\rǝuA(m	*$\\0\roҿIYu1mX\[\,Lu-RHXWc4XCFl\K2:ځ\H#9\\\<U4[ZzWt}GZ4uͧb[DF\R]iEDB;D9ɩ\-V\\42S\7\n6a\i?\[7ʵ4w6\1{ik֡AzRXm9\N\\n\\\\G5lcv+Jұ)\'g\rv\\nBJJht\I5ڼ\(d@\{\\JJJ$\\\b\$\n\h\n+2xP# \\Z\(<(<; 9Zi+\\ZwN!\s)zD\VvRgvI>䧖W\'Uƶj\Q\"\R}0\N7iZ\u\FKf[%n8\et\EȻ\\\$m1(\ 	#\yYu_,\Vo\\\#\n\I\.\\G:J\'eԾXgY.\g\\\i\r\\6do\Q\ZJ\'eԮ2\.6\u\\\\\Q\\e$)q֤\0<JI\\A_}fh{~\nH\\8\\`ełJ$\;J\'>>\\jz0X\;\UR\n\/ؖ7i6g8׆\\I)\H\&zomk*ҙ*Rpq>#\AӘ`-z\0\\t{Za\0gHwê\#Y\\:&\>{\ݟ\޸!$sKNG\n?K\L)\\06\ \9ML>Ɗ@*8\\\8To3q\\Cm!8\n$rOX&M[F=\M6\\\w=M\%(1\HJ=+\ׯ?aR\"QHwe@\0\0ߒ2G\A\6\\r\j;.\ˉ\0\\0}vo*\\K̩01wI\ePn(7w:]\m(~@2^,\;8+\x5\.\<^\\\FᕕN1\F0\e$F(F6W2\C=t\n\-\f3\o\\f+hė$\8ZaE x%%-pv\G\\^qO\u\ҜZI\$\\\ۡi)\W\6$yЀF7\>\7U\#U6\H\%h@X9?Kh!9G\z\\}Z%_<\'7\n*PZ[DBJrI;^En˦i\\\]i\4̜\@\FfK20\<ҚB<7\\K=eG8>*\.\.4u\!\vB<JIۚ	\rOߥx\Z\ti-\Bǃ/c\>oҿIYt\MALD.\Cl sN\\r8Gx\bת,\Y,ǂ[\e8AJ7\Z[n-\'\8Ur&\\kݷPI>R\Ze(Z価\\d-JW\G\G\Iw*\0ɯ\\;ɯ\\@\G\H\"_\/\Ak\\=\\Iw&_\/\Bn}hQ⤻ɹ\\0|}T}Tr 5h\D&_m\UE\sm;:\\4솋iZ\@ώw\"_\/ܨX^\\xӒZ\\\B\	d\p\sEݴQ&92lӅc`7\A\\^ɹ\\P|\\\\Ԏ~bƷX\6c\JsiQ\;\5\鈖47R#1\)[.\r\µ\Q5\Nm	Mh$\0/\V+o\\\#\n\rS\zT\\OI3B\FDbo\s\n\w;:Wm((Od-\\v	\\nIR	\\\U9/0\\\e.4\v\\eZ\RN\?\\]\6\N\_e?EWo\'\u\\pqׅ\r\\F\\\k\\\\7F\\R\\r;\@\\\k쬅]w\\\7xk\\S|AfCP۲VG}\0AZv1o# f\;0\R\q	L6\08}j\\\Qvp~\+Hk\2\Sni)Lۀ\O\ZCj\\\Qvp~\)(ں8?m}m]|\~6N\_eWo\'\\V9MB\\QڝJl)$c\\"0RQ	+[H>\U]V5\r\#\r\$\a\\'\)#wx\\n\0\v\\,\Uy$\;(\n(\U%Κ:]}^J~\*({_yLlG=ߦ~6Gʢ\\o\?#\V\RJUm\\nI \|\0\E	*ݪ\\\V\ei%E\r3\\nߡj\Go\;h-\խ8ޟ\\ZNB\\3Ms\\g\d|(9\}\3>U~\*({_yLlG=ߦ~6Gʢ\\o\?#\VY\\\M0w/)\\?\%vV(Ym\(?4\\Zԥ՝\Z֢TI\Z(\\\http://ns.adobe.com/xap/1.0/\0<?xpacket begin=\"﻿\" id=\"W5M0MpCehiHzreSzNTczkc9d\"?> <x:xmpmeta xmlns:x=\"adobe:ns:meta/\" x:xmptk=\"XMP Core 5.1.2\"> <rdf:RDF xmlns:rdf=\"http://www.w3.org/1999/02/22-rdf-syntax-ns#\"> <rdf:Description rdf:about=\"\" xmlns:xmp=\"http://ns.adobe.com/xap/1.0/\" xmlns:exif=\"http://ns.adobe.com/exif/1.0/\" xmlns:dc=\"http://purl.org/dc/elements/1.1/\" xmp:ModifyDate=\"2012-10-28T06:36:30+01:00\" exif:DateTimeOriginal=\"2012-10-28T06:35:47+01:00\"> <dc:creator> <rdf:Seq> <rdf:li>Picasa</rdf:li> </rdf:Seq> </dc:creator> </rdf:Description> </rdf:RDF> </x:xmpmeta>                                                                                                                                 <?xpacket end=\"w\"?>\\0vPhotoshop 3.0\08BIM\0\0\0\0\0>\0\0\0Z\0%G\0\0\07\020121028<\0063547+0100P\0Picasa8BIM%\0\0\0\0\0\9O\\1\\0C\0\n	\n		\n$ &%# #\"(-90(*6+\"#2D26;=@@@&0FKE>J9?@=\\0C\r=)#)==================================================\0:(\"\0\\0\0\0\0\0\0\0\0\0\0\0\0\0\\0_\0\n\n\0!1\"QU234A\\#5BSTab$6ERVWequ%F\&c\7Crt\'ds\\\0\0\0\0\0\0\0\0\0\0\0\0\0\0\0\0\0\\0\0\0\0\0\0\0\0\0\0\0\0\0\0\0\0\0\\0\0\0?\0.\W[KALژi\e\3\\Zۛmؾ\\(;&M㭖<\*4\\ݎ\FQ{A#i\"\WeER\yqKۼ\u= \\\\K\5\NH_SM\$Y/֦\9]\}s\z	\\K\5\NH_SM\$Y/֦\9]\}s\z	\\K\5\NH_SM\$Y/֦\9]\}s\z	\\K\5\NH_SM\$Y/֦\9]\}s\z	\\K\5\NH_SM\$Y/֦\9]\}s\z	\\K\5\NH_SM\$Y/֦\9]\}s\z	\\K\5\NH_SM\$Y/֦\9]\}s\z	\\K\5\NH_SM\$Y/֦\9]\}s\z	\\K\5\NH_SM\$Y/֦\9]\}s\z	\\K\5\NH_SM\$Y/֦\9]\}s\z	\\K\5\NH_SM\$Y/֦\9]\}s\z	\\K\5\NHU\}oMG\\Ƙ·VS%$u\nA!\\K\5\NWr_\\ނ\$y*\\>\\0U7\J\:\@\w%Ϛ\\\'+/|\oA9\"\}L~7d?Z\@\w%Ϛ\\\'+/|\oA9\"\}L~7侧4Wr_\\ނr\\f,\\\Szi\K\s4Wr_\\ނr\\f,\\\SzkO\w\\	\eOIG\_G\d]{^A{\\|\79]\}s\z	\\K\5\_8{\jc-\#C\VL湧q?h׾I2Q\szh3\\K\5\NWr_\\ނrEjoM9\"\}L~7\\K\5\NWr_\\ނrEjoM9#\}O\Szh侹Y\w%Ϛ\\,rG\4\%\w7<侹Y\w%Ϛ\\\'$Y/\֦\}~A\iL!\c\\QI\/c ٰ\$9]\}s\z	\\K\5\^!\Qah0\c\Y3\pA\J\K\c4Wr_\\ނr\\f,\\\Szk\7bOO28is\ɃZ\I/\̃\\\L\5\NW2g\\ނ沎]\u\Ᶎ`,4\h:\iHEǰKn)0\2\t\?\Њ\\\פy@7\Z]\PMr\\fܗ\>k7d?Z\NH_SM\r\\f̙\>k7䮧5\\\\U9<.W\8lWB\\p\\ڃ\w%Ϛ\\\'+/|\oA9\"\}L~7d?Z\@\w%Ϛ\\\'+/|\oA9\"\}L~7d?Z\@\w%Ϛ\\\'+/|\oA9\"\}L~7d?Z\@\w%Ϛ\\\'+/|\oA9\"\}L~7d?Z\@\w%Ϛ\\\'+/|\oA9\"\}L~7d?Z\@\w%Ϛ\\\'+/|\oA9\"\}L~7d?Z\@\w%Ϛ\\\'+/|\oA9\"\}L~7d?Z\@\w%Ϛ\\\'+/|\oA9\"\}L~7d?Z\@\w%Ϛ\\\'+/|\oA9\"\}L~7d?Z\@\w%Ϛ\\\'+/|\oA9\"\}L~7d?Z\@\w%Ϛ\\\'+/|\oA9\"\}L~7d?Z\@\w%Ϛ\\\'+/|\oA9\"\}L~7d?Z\@\w%Ϛ\\\'+/|\oA9\"\}L~7d?Z\@\w%Ϛ\\\'+/|\oA9\"\}L~7d?Z\@\w%Ϛ\\\'+/|\oA9\"\}L~7d?Z\@\w%Ϛ\\\'+/|\oA9\"\}L~7d?Z\@\w%Ϛ\\.\0\XHp\Bi\\&ۏ̹H_SM\+>d|,ѕ\.`\\\\7_Pi#I$\7 V]+\W\\6\ZY3\Z\5͸<V\\" \"\"\" \"\"\" *˱w\~#\\Ub\\|GIY(5ha\(\'\\9[r55\\\\\\\yO_ \\|qm<?_W\P~u\=+W\MlU2G mD14荮$v\ӽ\\\=Jg!\U/tN\$ZXnO8OI+S\\0e\s\W{`\ê[U\\\\\r\#\$.s?\/\\7\\%\HU\c\Xa)q3x\#s\!iph\%۬v\r6\/\\ŲW_;\s^\H\\r\m\Mn\Z\հ\\\ԝIKZ.v\r\:\\v\\	d\$\p׾]p\Z\0\0\0w\0eel\Y)1\'\ҵ\\$|fH\5 m6|>݂\j+q\Zyk$\4FKK&y.s\,6\`y\ŎC0\Z\V<d\{5H]QY)\\{.\B.q\ZKF\6\]gd\B.v5\0N\\\\\KMc!\ɹu\6I(;Θ!\cu#\\Æc\\\Z\\\ \uW3\\'3GU\5\nֲ\r\"xn\v~]z\'1<ӆ	\0l2rj\#g;˰]T/\n\6bf:\饨}D\I. \\Ai\\%\\t\\\S\=\%8so\$\Y\_m<Ǚ\+\r$\\	c\>=a\\UWdzw\\E\\$\1\\^Hu\y5\uNvK\g\"`9{-:3<Nm\>\o\]\;v8\\Ӹ\Q=34XdX6:\\\\\\L]b\lN\;/\glW4\\\3U\V״p\\ p\:\vn\V5v\8!7r\mCIŹP5Y\4F(\㍥.m\\\.7\RL˘r\\/8\d\\HE\\\\M\]$\x\-5KD\ژ\\\\nI\~\W{1\\[ťӲ\@\\85\\E\GJF\8]\\T\lBhń~oJ죉byw\'e\m\1.\\cj\ZN]c\h$s\0\9b\Tk:\\\\Ъ2GdN\yU:()&7L\4\LpM\\s\bnn~\2U\\Ǵe}t\;`ӳ\\\\nE\[Ͻ\FەW\l3\yIp,h\\\1\OuT\\	\\~4\0c|e,*\ c\1]̈́{\8\\+P^\\.9TڼB&\\GN\\'INۏ.4ŗُ\2\pul̥\\\-i\\amY\(\}+0Z\p5bh{\k[+汬\wfm\o\y\\Tjy*CK5c\|o\\6p;A;\(%{K#stMB\=6$Hj?9[XF5ogz\(\\`}ED!i76\'\Ǽ\\r\aI_NT1\\˞%\h6\q\'m\\bHOރ\\\J \yl\6A30|%c[HL\\ko3\\\\w#\x1\b<_\nkKn\A7m7i[n-{%\\ܑW<RU3\ru>\"\a\rp7\8qʎ|ёgGy\\G\\׎\wky?MˑW9F\ZC\Z\q\|\di.\rM\ָ\0\lg~\.:B\س7R\Ǳcw\\\˭K_-ك1I[\T\-\\\"-ly:\.\F\i\ruG\^)q{\\]P\k۝띃\5>T\FPӨDC\r\$_\s\w\)qJ|\M+L\\\\͌i\\`ͮ\Ѻܸ\	qҿ6P`uY?.[Sv@䱉\E\!Q\\9\\}\\n%US GH\Ku\ۆD4\r\\@.:U,\8d\n(\$\𺪞Q\P\\y\Z\Mv{\30\\r&\K]9\n\\:nLmc;?8l,5\P\\n\\\[9\U8F#\\\Z\\\k\Z\\1\:\0q}\˹ָ\\\H\6\d\! /m\p8`\f!;\"\1\\\\Ժ\\1$1?x\'N\#pqtDDD@DDD@DDD@DDD@DDD@\\_e\2\?\\09\\_e\2\?\\09&ro\N>mSj&$\?\\\0\6\n\]\02U_\\h۟\.W\\S%\\c(l\0\\\X\%F5\1#i6\`Av\忐k\MLOv6Hic\\v\qu&pwXZcgtA:M\<m\T\\\Ve\C4\\Y[xnH\\\v\r\\p._\w\_\Z\/~\跓M\\ \ϝi*\\oI$`\#\8\܏!h\\]($\\N\\!\\\I\w-%~˨Ƚa˵\x\\\\E(\\\:\\\ֶ\y\0\y8\r\gs\b[#\\6\\\\\r\+\\kٳel#\\cM\0\gV#̸X\U\2\Zj\n\4\+qx;	\J.Ĺų\f,S\^Ǻy\qKZ@\l;\0\{b\5R\ρ$a͜j\Mr\0ow\\{\glC\\\n\O=3oڬCէiӤjs\\\\_wk\&\ntvY\\ۍ	\\n\\쫂RɅa\r\\\"\-\`n\k[x\]gc\eZjGEY]W6\DN\\0G::\\r\ru|\"Fps\\CSZc`Z\\P\)\ZlQCQ\rL\Ze\\u`؍\i\1\M^#asD\6̖k+\Z	dm\A\0Z\\\j\b\T\6\_C!\ZuW\k\4ap::V%[\r8\X\h\Z\˨i:5ov\%\Mqj#|R\C#Ǵ\p0Aq\.$\z|\?J6:Xe{&&Ͱs$\0/q\n9\c#\\]jW\%lotn$--:wn-\\09\ɐUĪKb.\Z89O@\7;>\\4Pvd\sO#ctyg}\\'e5\vS\\\rs8\[\\\Z\.}v6\ m7+`\-\3%xn\		\00c[a`{7i\B\\\n\ќ\haFYQz\\Z\ca\.\4n\\\e\\\Lᨒ,>7<u\r-\C\\kl_W^#IG6X\\IZpm q\Aǐb}{7%Q\SGS\>=,s\m+@.,	a;,.ywX%Xu\KS74۝\hPv\'\Yiш5	x(\1{\&\\r6f;̀\\2A\?ó ڬ::Hf{k]^\u{/s}\[㝏b\Z: &\r$\[\'e\\K\2]s)\p\5#啄Mk\׺\-b\\V\a8mCc\jbq&hk\hlEϔ4v+\=\\'ψaZ\sD\\`\fܐE\m _i(;\MO\x$\\nFVSGP5<6\m\'I\덣zbg,ML\̗\\߱t9#!fin{\)a\\2p9\-\\{\\%#㸜\\	K<s\r\Zc{m\q)l\{9c\jZGU:\([1Šn\0\vkvEUTYV*Y-$`R8s]qn5\$\\<:ӱ2\\s6O\]\0-\M$8\\\j\i +3%%<q;d:\\kymI$pd1,u\$\	`i7\`w\eEP\Ɲ\\=z9s;%\;2lI;]\\M\#A\tk\084H\Z\r9ր|w.Wa9]qR\\\r:X\\b\4r\0*\\Y7a9Ų\%\j{&ce<<\Z\HiZu]1ڊ~2flJYpH7\6\\\Ѽ\\\r\yVR\؀|\\ڹ浄o\\΃=&c>0\=\\- \\v\0\l;,\M;P\aO\7ū\\8As\sA\s}\/~<v2\$V\r4RaOQ9\\ra\\ۂ\rېj+˘~h\UN\a\\"I\ 1܂\Z׃{mԮN\[\\b\\\\C4LlO\#Aǝ{o\9%%`|TVN\f\u5\-n\_\e츜G~a\\Dcc\h\\\b\x\\\QHs9\$b=\ZLg	{\b\f\\!~\\Z\{8i8\0\f,\-d9\r<\r\\\pKOw-,`qϳ^\nۤZz({gL㌲|\U$4j\sEދm\M;Ϙ1\s\gqh^\-pF\laPsr\\U\\Y\M\\`\\\Kk@;A;n5l\0_\5\gȕS\2飆<p\\۸./\97Nhl8f?Y%6\0sh-\#$\\`F\ؚ/E\\rVMt[Ã\\\0\H!3FI!\\3ME\r)|\:ZO{I\\\vܾݎq,:&+P\EkD\.X\"\Kͼʧ&;Ƴnl\\\\\&	\sr,IP\l5\NZ<6,V?t\)>2;\^\\%oM<TI4(i{\I$\>#*색\=\\3䕴FG\ls[\\2Ü\	]L\;nf\\\nHb\,\%lܼ\\\\\)5CQ*\\*F\\\4\a\`\h ӱF\0Jl՚\Ϗ\쀼]\\oH\\3&p+p]$В\\|B#\pۅVϔ{%f\UV9ψ4[q\\jٳ{U26Oè\,\?|bm\EA\;Ht\\0X\\1v\\0x\\1\MI\\0-mBd\;N[T\\" \"\"\" \"\"\" *6`-g\\r\\'\Ӷ\qKtj\0\\A\'f\h\"\n\f:\\"̋Dn\\%\\\\Z1Q\fY,\\-|(br}~YK x\_\>?XecEVe6\\-|(br}~YK x\_\>?XecEVe\+>^2\\\'/k\X\\G\d\nϗ,c\\\Z1Q\fY,\\-|(br}~YK x\_\>?XecEVe\+>^2\\\'/k\X\\G\d\nϗ,c\\\Z1Q\fY,\\-|(br}~YK x\_\>?XecEVe\+>^2\\\'/k\X\\G\d\nϗ,c\\\Z1Q\fY,\\-|(br}~YK x\_\>?XecEVe\+>^2\\\'/k\X\\G\d\nϗ,c\\\Z1Q\fY,\\-|(br}~YK x\_\>?XecEVe\+>^2\\\'/k\X\\G\d\nϗ,c\\\Z1Q\fY,\\-|(br}~YK x\_\>?XecEVe\+>^2\\\'/k\X\\G\d\nϗ,c\\\Z1Q\fY,\\-|(br}~YK x\_\>?XecEVe\+>^2\\\'/k\X\\G\d\nϗ,c\\\Z1Q\fY,\\-|(br}~YK x\_\>?XecEVe\+>^2\\\'/k\X\\G\d\nϗ,c\\\Z1Q\fY,\\-|(br}~YK x\_\>?XecEVe\+>^2\\\'/k\X\\G\d\nϗ,c\\\Z1Q\fY,\\-|(br}~YK x\_\>?XecEVe6\\-|(br}~YK x\_\>?XecEVe\+>^2\\(\n\ًAO+A$`55\4\\5S\#a]\ax顎(\"lqF\ֱ\0\_dDD@DDD@DDD@DDXB@\B\J\\^\\\g쁀\Mq\\jZ{>Q{ov8qe\q생FÆЙ@\X\c\\N\X\P\,\SWc\[Kq\\Z\r\ˉ\?_6\'\\_Z\5\##$I/}_6\n\;K\{(\\69h&w\KS {t^W2g\\ނr\\f#-S\\Y\,\0V8:\\A$d\};\\GԣPCr\\fܗ\>k7{\\GԣSܷ=}J?E7+/|\oA9]\}s\z\ngܷ=}J?E;\\GԣPCr\\fܗ\>k7{\\GԣSܷ=}J?E7+/|\oA9]\}s\z\ngܷ=}J?E;\\GԣPCr\\fܗ\>k7{\\GԣSܷ=}J?E7+/|\oA9]\}s\z\ngܷ=}J?E;\\GԣPCr\\fܗ\>k7{\\GԣSܷ=}J?E7+/|\oA9]\}s\z\ngܷ=}J?E;\\GԣPCr\\fܗ\>k7{\\GԣSܷ=}J?E7+/|\oA9]\}s\z\ngܷ=}J?E;\\GԣPCr\\fܗ\>k7{\\GԣSܷ=}J?E7+/|\oA9]\}s\z\ngܷ=}J?E;\\GԣPCr\\fܗ\>k7{\\GԣSܷ=}J?E7+/|\oA9]\}s\z\ngܷ=}J?E;\\GԣPCr\\fܗ\>k7{\\GԣSܷ=}J?E7+/|\oA9]\}s\z\ngܷ=}J?E;\\GԣPCr\\fܗ\>k7{\\GԣSܷ=}J?E7+/|\oA9]\}s\z\ngܷ=}J?E;\\GԣPCr\\fܗ\>k7{\\GԣSܷ=}J?E7+/|\oA9]\}s\z\ngܷ=}J?E;\\GԣPCr\\fܗ\>k7{\\GԣSܷ=}J?E7+/|\oA9]\}s\z\ngܷ=}J?E;\\GԣPCr\\fܗ\>k7{\\GԣSܷ=}J?E7+/|\oA9]\}s\z\ngܷ=}J?E;\\GԣPCr\\fܗ\>k7{\\GԣSܷ=}J?E7+/|\oA9]\}s\z\ngܷ=}J?E;\\GԣPCr\\fܗ\>k7{\\GԣSܷ=}J?E7+/|\oA9]\}s\z\ngܷ=}J?E;\\GԣPCr\\fܗ\>k7{\\GԣSܷ=}J?E7+/|\oA9]\}s\z\ngܷ=}J?E;\\GԣPCr\\fܗ\>k7{\\GԣSܷ=}J?E7+/|\oA9]\}s\z\ngܷ=}J?E;\\GԣPCr\\fܗ\>k7{\\GԣSܷ=}J?E7+/|\oA9]\}s\z\ngܷ=}J?E;\\GԣPCr\\fܗ\>k7{\\GԣSܷ=}J?E7+/|\oA9]\}s\z\ngܷ=}J?E;\\GԣPCr:\\fq\؋`\\\i\5k\]7A7Z\^g\j\ix R\\\\\Q(h&si!oqwn(;M\:\\^\\n\f\'\jG1̂pC^[\n\\ \RW\>d\\ӄ3vKXk\`!\\\v\\d\\J\\\d5莂\U䥨%\I;l(pq{].Fa\49c\nħ\\fƁ\;@\^S\\'\\l\\nX\v\7\0:I\YY3?d0\O6kTOhi\r-\Z[w%k`\.)\s\`k\[OJ\/\rO\I2\\p\l\n>AIt6\\\Oܛ\)`\YXb,qp\-\͡۵׾\l]m\\ \"\"\" \"\"\" \"\"\" \"\"\" \"\"\" \"\"\" \"\"\" \"\"\" \"\"\" \"\"\" \"\"\" \"\"\" \"\"\" \"\"\" \"\"\" \"\"\" \"\"\" \"\"\" \"\"\" \"\"[pn6\"+\\\{\uK@ÅUwN\\\\l{\KvM\s&DũpK\\xhu\\w\k\\\\\h\8e&-MC@\\fn#x#\\mڃ8f%Ka\PJ\\gn\\\\G\E+r\l#\Z\CÊ`sTWe\:\\L\\sd\r\y\c<(s>\6n\'l{N\F\+\\<7lA.(\\ZX\'I\WW\\)`n$v\~H\0*콛j1LVY\$,Ł\\͸6\7\\0\F\8^t\t7ρ;80\`\mV.vf\U>\a\L-1	\\0	&\o\'\\\D\`cc61m`nl\" \"\"\" \"\"\" \"\"\" \"\"\" \"\"\" \"\"\" \"\"\" \"\"\" \"\"\" \"\"\" \"\"\" \"\"\" \"\"\" \"\"\" \"\"\" \"\"\" \"\"\" \"\"\" \"\"\" \"\"\" \"\"\" מ:\lH\Ǳ\ \#\*z^Ù\WP\\\e\E%U#rt\\\.\\]ppTf;R\\Z\\ZMP\\p >B˻h!\\rl8t\\Lm\'\k۸\vY\uy\f\{\--o\-\{c]an\ \\" \"\"\" \"\"\X\rY\179\B]x$5gzU_eb)S;\+*Di\|L\\0e$y4\ro\rùrZ<\Z|{}~*\aܿ\I\\M\p\r*\Z4p\0Q\\c\m\\0{ \\"\\"\" \"\"\" \"\"\"\E@yB\\t2\AD@DDD@DDD@DDD@DDD@DDD@DDD@DDD@DDD@DDD@DDD@DDD@DDE^\\2(2Y@DDDAUvd\'\Z׆\\2F\0l\Wc/\\۰..\\<GSqn\\ lk(\(祪]=DnVMp>%\\v\W\k[\\\vCrw{&\yB\DDD@DDD@U.\\T\n\fL\{Z؞\\\\\\\Tv\9\0\UUч85Ι\6\ڂ\DD[-D|\S\Z\P\\\\\;.w-gt\\\0˦\+\\0ZZ\\Q\'`p\\Z\\n[SO<O<\^\\Z֍䓸\\\wj\\>q\n3H1\6s\\MqsZ6\A`\t,1rᔯ\#lU6w\ƷPb\.w#\aţ\Z\03Vd\RxvX9\\\9\@\2\\\'+g,\\\rӡ\.\0l\\\U~Y\\ñ\Z\\\\)+SK\\Z\5α.[m#ӝp\;h&\"\\0&\\0\"	ˋ^\\;7W\ʆǫ\sS+<\\\\4Y\7|XΝ{\\\'>6Q.7;[\a\=kCXM:v9q,@\dm.ks\ZCZ?y$\0<\\\\;sM\,\'ñ\ZZ?\\Od-m\\\i%\7\\#R?\j\nhQEtϪ8=\&\x\0iA\\Fb\xD\ӵMr\CQa&\jtnl\_^]_<Xe\nf\Q\"=\N#Z\:\\\hq\\j\\jM5M;\(%1F\]e\@{\PLf\\ys\56:zf<6k\Z7}.l	[k*⡅:b47`惰_im\\\MfK%cq,-\\rS\$q\`:Z\#\0\@i۱Ǩ\+\dud41\\kd项\\Z4\~Fᡄr\؍5E]\Q־ʹs=:\\,~?ڵr4\s\r\`d\ט&a-{	m\*\]\f\u:9mc,Z\6X\\E\r\+\\g\\Edt\MMP\\֎|\l<Z\J\/d\AX\KE\AX\KE\AX\K\2\\B\>P(p|. \,\\(K\2\\B\>P(p|. \,\\(K\2\\Qb\.:Pe.:R\Qb\.:Peb\.36)W?IؔT-\G sX~3a}\'\:R\\\Vr\x]\(䧂j1M<暈\Zo2:G8s@.IoK:A\0\21Ŋ\\Z饬|\Pk\"=]\m\5\v\PN\nѱ.\<Z\Zr|Vx[A\n{\lBYdӴD\0jw{\=3zz)+Fcdx21[O{`\r6A\\*\\|ː\wW\eG.56!P\ޢ\Rl\Csom\0\셍f\"|4\P\Yq%ͪ̉H\ghv)u_g\\ax\nV:&\T>l\r\m\i\\_P\\6;*i\k\0e\\\WUI0|:\\0F\5\X	[\0T\\J\b\{\4\/w+\樊xp&TWUYӋ66\7k	\"\C.\O_\\\\'	\\trc4Z6X\\E\r%n:W5q\,\W\ak\\\ 7\0\\\r\\UM<8sC\\\.pkq6\\ZzW#kc\\Ūj_TF\K=<\4\\\rws\\;PX#b\\tOŪ8\S&\+\\z\ֺWJZ{\\\0\q6%\\h\u\a~!\"t,tݬ\re4\\\\ʪ\\EOsZ6\\*ʓbGAUEUUOYb\Z\bCF\^@\'i\W\>\E\Ikk5U$\kE\Zڈ\\ k\\xj\\ZΉ\\;\\`\\\-q\TluL6v\\X%{\\jsE t\rM\+\\\\7#S3#Eä\\Zn\\M=\\>\mn2\rJ!YY\\*=e\r(m\k\\o:ͳneW\Ye=9\RQb<_t,k%\Vi\kM\.\\\Z\\=X(KF)V\)и\K)H\$lh6۱\\\\\\\fc̃1\E$o/\ZHjl\)${ApF\\O8;\Z\t\Ud\\\\UT75\3Ӻk\\n\x\a$\0.\g\\R\r\\em[V«K.&Ӽh\4!\\9\1lC\R\U/,P\;\U\ru\-\{.\qxᝑF,LU2\alPKPB</\6m\\"Ǜi1:\:\BV\ZZ\nj\nc%\,\\\\'K\G!b\<P0>iK\8\0\\\\Z\\ \W^ꯡűo\`J&l\2A)Lð\=Ӷ\jK.\\\\3ء{]v-%k`\\U\􃥗5bHE5\/&߾\Uwd\cn}Ȳ7u~>\\Xݨ\\r\V\\8՜.߉\\Y\k+TLrإ¥t;\r\nt@KZI\o\;$A\\Pfl\Cı*fe\'\MTOPֹ͜5 \0Foˏ\\b\\\qjy]Ӷ,2Y\\\Fmݒ \qLo˸s+1\nH婬lb\ne\xi䴸2ĿH\\́\{|K胖\\"\r\I\<b(6\\0&s	u\\-~\p29h(&\#8a\0\~\\no	3lH\\\\">\\\*Ӊ\\flsb	Y	`	s\\7l%n\\\5ub3a쒳kjy{\\-:<4\q`\\r\r9<N<Z/U\P`M|dFKE\0\\۳w90l>(Q\ASDU4\\<\s,\\0Cu\A:v\\"\n\dlJ\>lb\Z\JȣC#e\H$\\M\\\\Zwj1OcxTQaM3^\b\b5\.7kG9\6N\\;glo\\\{Zآs\V۟\yc\mm1*|w\\\\mQx\\HxkYI\4\q+2%Z#PAYZE\r[\}U4\jsl	\'!N\rVe8f\ŃZ\ria}F\pc\\\+\Z]~\\%RfZ<\E*zQ\pmD;:Z\2G\0:.,{:vE\\8\.I$ۤI>TV\RC[\\Z)(=\\=壿 X\@h\\u\\uq\\\\9\lNբ9#\\elq~sXփ\m̼2v\{Z\\.h#P7\\A[-D|\S\Z\P\\\\\;.w(\\\}@}\>8\6\ܦ\\'l>\gw\nN\\}@}\>8\6\ܦ\\'l>\gw\nN\\}@}\>8\6\ܦ\\'l>\gw\nN\\}@}\>8\6\ܦ\\'l>\gw\nN\\}@}\>8\6\ܦ\\'l>\gw\n_Z:\Rj\x갓OmY\NM:@cbDtX7?k8\i\\\0cpM_\*QbX\\x\/1\z{\\\5|[qA\bX\\x\/1\z{\\\5|[Ecs\Fpo\?\\7d\n\AEcs\Fpo\?\\7d\n%\\\7\Zn1\\\'\=WŻʧ%\\\7\Zn1\\\'\=WŻʔX7?k8\i\\\0cpM_\*DtX7?k8\i\\\0cpM_\*QbX\\x\/1\z{\\\5|[qA\bX\\x\/1\z{\\\5|[Ecs\Fpo\?\\7d\n\AEcs\Fpo\?\\7d\n%\\\7\Zn1\\\'\=WŻʧ%\\\7\Zn1\\\'\=WŻʔX7?k8\i\\\0cpM_\*DtX7?k8\i\\\0cpM_\*\X42y0ʩ\u4m\r8M[m\|JuBv\\\\x\w}\\7\\-\o\\mBv\\\\x\w}\\7\\-\o\\mBv\\\\x\w}\\7\\-\o\\m@\X\v)M%\T[#\'d̕p[޼i\0\޾1\\\*=-~ӡݮ\\\\r\*L\kK胐\*\v4QEE\ь=̧{^bι7\0\{	\\~&4\4O\t\\6*^\n?@ȋ\m\06\\ڢ;J\V\r:ʳ)k5\\cHq.6\&\^\b@X\\-y->O:&\\j=\]=i;f߾D\V\抜r:X;\\N\5hp.s{a\JHM[5&uDm/G\riк\r>QTJb,\ _|]rc\\\%\QVAQ\r4җ\.y\9ڸM 0z[>Letna66\\$A\\n\\"\1\Z	+)_l&:$<>\q\\\\Ѫ\V\{c,Tױ=l4p{bIsZApn7*QAfZ\Z᤬£j>^kj\\\I8\k]Bfj1\n\nL1auLm5T\UJ\`,.c\ZZ\\5M\,\\\"\Yw\$}C\m\r5`sh\\ZƸ1呸\wy$Z-kuk1\rI6\,N\\HykK:\{nH,ˀI\J+fc5H\cq!\cu\7ۭA5\a\T4c{\i6\d;H}\n\qPe\&\C)\5/ukis+e@\0\:Nր\KtaKG\FW\UòGD\yᰈ\\3D\\\'4͍K]\ruP$8\C\Z\"-٨\\i\"N6]\\0\râ6˶9م\K&a4m\0\\h\#tJ\D\A\ſ\r\d-;1ke1\<iv%=6.\03uh\n\5G\&E\geI\脎 8\/6\133V\׫G\V\\zs˃9\6\\﵄9b<~Z(k%\L&3\\\Ll.\r\8[\0\Ё\0\\\(*\$9dl.燎h\\Ө\gB\\X\\\P\&-RY\$$~Hmu\m7\r\\c\na(m\g5orDD@Uf\\0S*W\\:ZYz\\\yBU3!?\0\\As\"\"\" \"\"\" *˰7\Eo\0.5f˰7\Eo\0.4j\" \"\"\" \"\"\" \"\"\" \"\"\" \"\",\\%ů}2p(\	\03!?\0\\As\"\"\" \"\"\" *˰7\Eo\0.5f˰7\Eo\0.4j\" ,\\t|\\bs\CGO3)\cA)CDDr떂\ZCU.:B8sid2\VHxX8\\\\Ţā\0Fnmxo}Ic+\Z\s\	&X4\ j\0\EtBMφ`?K\r(\ԉi.k9\Ĵ\\!o\]x=	iᦆIm5`p\>\ދ\3^^h\nB*[DLE\GǒE`Ӷ\\"W\0a؄l45\\)C561\\^浭I\v\MC.B\0\'`īV5pm3{\\Fˋ6\\\\LุŢdL\N\f\X$\rkk\	p\X<A-qҗ\n\'\9z6MKũ\C\Avm\\b[m\\˝詩c5t5\\@\hdiĆ{-k\\#I./ks͔\tQ\\Zlٟ(\0\\Z\%\i\\`]F#5u~	]E҉^)ba\\K\\0$=vXI\\\Jʂ\SaQl8_H-\\w\\"q\͔.\礆掞fS\XƃS<&\\-4:m^\\\\X\Շ\\!`q\q.n6]\7\\:LfAMuHnmo@Y\i(L9\\{$ѽ6sih\A_4\Zi谸(ij\x씕iTm\#vH7RQc\\38 \Ec6\rAjnxNwרj\޹\\a)k\5L\`\s\n	憼i;k\k\y\*6b\NX\\Z\ZM9\FH\ZA\p\+iq\nV\\T\QN\\66#fW\s2:?\┭k\/\\\0\Z\\/rNҺtD@DDD@DDD@DDD@DDD@DDD@DDD@DDD@DDYZX\'IaWW\\)`n$v\/`>2I\*\r\4x&MdM懇\-s]M76\0\:\\d\\\o\\e9D~\:G\c|\ymvMñ<z	\aᦁ\$h \CZK\ZZlM\\mA\\t\Jų	(팂S޵1\.&F\*\O\Q\si\\KhG:CKc\07\\0\0X\	q{.E֨\ԴT\ԾնV2GF.\\\ۼ\\\.u\J\\t\\l\0axcZ(\rMk0\{#Q\0.E\\_\\\(i\A_UDA;)cK\@\Z	\0m\\rA\\\tQx>7K\<ydH$Y\s9k\ᰇmV\Ç\:z\͛\Z\\I$\0\\\H\0\rmsc\XFi\E\.v̀\0ֹĝ3#_\\Ob4Wx\)hդ\\\qhq\O4EkT\a\s!	qeTmű\4\u\ \Á\A\d\\n\n\\\qlJ8^\$\KqPK\m\I h\"ਜ:U\\5/h*ᠭV<\sn\J\_$\-ݾ\\t9؜\<\\\\y\\ag\$ܺ堆P\m\ٚZZ2871\_Cb\\%\\˻fK\X\'`eeMm\'>^	\\.h:,\r\r=\\x5L)2[IwLd1l\Z\\\k*;ě\8\\\\ˤ\'iZKO5\;	\\pP.h1*\\E)+a\d6sHgA\" \"\"\" \"\"\'OJ\T\\\0\0I̈.߉\՚.߉\\Y-MFGS*\p\;y;^\k\Z\\IPA\i\Z7s\\`U.LB*\\S:&G9#`uӲS҃\I\p\9xv\"cmi0\\9X\\\p\Ys8\k`	`\\#\)͑\Mq\BH:\I\\;QS\Q=Dtвz\"g0&fm$|WYa7Oh\Rj`Fٮ\\w8h8Ś\OCQ\\\\\S\\AE\'c=\eg\;\Z<z\n\\N\䭆<\53|/Fj\v~vT\6EG--,4\\!7\X\,vZ+Ԙ6!ׇһB\Z\\͵2\Tx\'Q&/Hƾz\2إsF\\\\!\k\\H9Ř\\uO\5\RRCl۽u\y\r	0l:\Zʜ:jlcH\Zde\gqc}+p\,N!!GTM!\\\ZHZ\0\Z~5\\k85QE$!ahn\ŤyI\r<t\ckqq\rmI\\O\\'d\\\\8V4@>@t\\u娧I+\\\\0CC\R8u\0B:J\\qq\c\ZGtm\S\\4>X\3Soشt8\OJˡӲS2~	ߤ|uIa\\58cY\r1*\SPckaS\A(m\ޤ\\)Z\k\\ʊG3w7\.m\!%\Ā[}\y\IO\\4\\\"1/\I~\$MXUye\dn\o\Wz-eK16v4\7L\Y`.\\\\uɹs䁏|RD^\LosA\"\0b\\d΍tN\s{\bێbG\$yW\u%¨\s]`\0\@gk\-c\\Z\*@h:#@&\{^\\l)\H\i(\U7\D\k\\湍F}4ﶞ\]UϢu\\M,sxF7n\\\\re}YOrH\k+\\\r|\\0AW\XXȵ:S\\̒P\r~o80l6x]UU-n-;\\A\n\D\?xk\\\x\\1GB)\\c\ZY\\r\\tXt/ar\1W\ELؚZʇB\#݁\\AR\\r|T>&%\B\\\\d\$s}\\0nv\ūéh\񌹄؝UKI76\G#[8\\\\>JԾ\'N\ikmg|A\Ft\A|\6ha~q\0>P\AC\bt\\Z\B<1\ᅡڜ\\r\BZte\KEO\3≭2n\\;J\Ax\|\ȡ\\\rkZ\$\kv\\\Z?\~\w+wƾL2E<M)\ZZ\8[\gWRx\r>;z\\\4~-\;|\\>V\;suq\\ϕ\^{Muu\'O\0\\{ϓ;Muu\'O\0\\{ϓ\\cG\\o÷{\\nӷ8gX\\[5\\gWRx\r>;\gWRx\r>;}F)B\ҰV\V4	[y\Y,A/c8mO\oW\;]\i\X\呅\5m\cM1\ǰ\0![b\\nnj\\ro\aͿֺPc8mO\oW\;]\i\X\\\jx\h\\z\\O}ǝo-/0\m0\0\H/\:\\mk8.L):.)p5E6[Z\=A\<[\4r\\_D\w\r\cηےg\r\\_\\\'km=uܼÂ\é\"⚸[\\Xso嵮\m0\0\H/\:\\mk3\n/\\\q}\6E:\[nH16q|F^7蝮\\,y\\r\\nnj\\ro\aͿֺC\é\"⚸[\\Xso嵮\\SŸ#G/\\N\p\{\<\ym \pڞ-\\Z9xޮ/v\\h\[\m\\8.L):.)p5E6[Z\\\nnj\\ro\aͿֺPc8mO\oW\;]\i\X\\\jx\h\\z\\O}ǝo-/0\m0\0\H/\:\\mk8.L):.)p5E6[Z\=A\<[\4r\\_D\w\r\cηےg\r\\_\\\'km=uܼÂ\é\"⚸[\\Xso嵮\m0\0\H/\:\\mk3\n/\\\q}\6E:\[nH16q|F^7蝮\\,y\\r\\nnj\\ro\aͿֺC\é\"⚸[\\Xso嵮\\SŸ#G/\\N\p\{\<\ym\R\Գu=L(%W@kM\\\\aa^ap\aMaԑqM\\_\uw\,9\\^[anH\ziD n{4[a;E\N\\cG\<S÷\\\0\\8gX\\\;%\\gWRx\\r\[Ӵ\gWRx\\r\[\z\\\4~3\<;|?o\N\0;suO\\[\0\^{Muu\'q\0\\r\0;Muu\'q\0\\r\0\\cG\<S÷\\\0\\8gX\\\;%\\gWRx\\r\[Ӵ\gWRx\\r\[\z\\\4~3\<;|?o\N\0;suO\\[\0\^{Muu\'q\0\\r\0;Muu\'q\0\\r\0ֲu5m<U4ﶸ`{\ra\\'\E\؎)Q\b\\\,\&[S\ZփJ\\X}^\jzC3\[n%\$\r\wW\yGN\S\EY$c\sqi\"6m\/\s\x9`<GTe\\m^s\0C\04Ⲇ}5m4U0>׊f\7f|\ĩ4\\nN\\Z\t[G]\ ⏭1\\))$R\\toH\@9\n	\p]Q)2f_{\i|t4\cG1\n\lHA\\4Wq!6ZxZ9\\\GMqAc6\0,\rlfI!0[\Ikl6\s{r\i\ĩi$pĨLmeS\\\\k\^ր\r\0\hv\r\l]I\7ݧl\9l?\(r,\S6\n#\ct\raU^\A[q\\17\ne=-\,..kY%4@\dg\mH .\ l=\\!ڃ\'hwM\Z\ec\\־\\Zߘt \p*jLa\\\X\d\rF) \r\'ZKt屰\\Fg\]`SԲ\sNi\oj\A\CT)\Imc~b`.O٠_\	=4u1>\\\"c\pA\G\;A^fc]$\aB1N7;\D[,O\y\\\80\6\\$t1R\)8vTKp+]w\\sGP\#u\\Å\@\i,-4셭wu\ǗjVP\b\L\\":zHe\N\Z\\WT(ɦ\\w|˞]lV\bc˯duՓAH)\L\gj\r\C6Xߣrӧ\:ɫ)\Hjh\h7u\\\\VX\n\t8n\Qtqky괍\0\yq^S\\"z.\n\rT\e7ۚ\6Y\ZEӾ\{W\tRbW>\q49\M\ݻp6e<q\#㍬t\#l^l\4A?f=t\Z*\Z:\\6G>2H\y	k}M!}\\6\𤭉%+j\g\G\\\\05mӨj\%\\\QS\Fֵ5\\n\ְ,2\n#;(K\r3bhI\4\\=QځVC\\\-\ \s]f4\~h]\nդm=4Tbm\̀&\0m (\3vR\_\xi\^uڤV%=ũ\\'\o=󍷓\v\DDD@DDD@T\\\0\0I\\ʙ\\0?\ e\\"\0\ZUe\\"\0\Z5Vf%KP\o\0N|\\\\\\n:B\\;˽c2z+\9\\0\c\\EVM|f\\+\\"\" *gBg\0\\0eL\0HO\\0\\Ȉ\n\\r[A\0ˍY\\r[A\0ˍq҃(\e`\r\t,,\-Kp7\\N`:H\K\85\hZ\o\vi\'p(\'.:Bʉ\UsW\l&Nz(\f9ޥn:Pe.:P./erYI\\j\E\Z-Dm:h@7-i\\\r\"\PaWy\;H\dðǀw\*k>c\\N\TTsA*$\\s*\~N.\ĕn@yډu-W`-w4{H\W^ǠǨ\\9~5G)L\c\'.F7`#\/TZ}kk\\fp\\" *gBg\0\\0eL\0HO\\0\\Ȉ\n\\r[A\0ˍY\\r[A\0ˍl\h2U2\\4\:\ǲ\{ܶ\\y\\U\\\i,\_X5\sɴ<[\\=<\{\Y]+\pzI)N8\sۛ\\rz7+ƩMй枥n؂	~AɳbCê\23\WUO\\,cC\KMYWQE\n7U2\^\\\2i)獄\\\N\a\;^/KK핺\g\n\[!sĆv\p\Q2<1a8&Io\k\\!Uǚ\78˰JwU\\6{\\\\rMv_\+1~Z\\2\:	3\f.ߟs\Zf0\J\TMU\5JִAp\F\\\\n\EI\t\\e\\F\n)x\\\෋\ӷu\0i֌\e\\\0\v\\\0.\A6f_\.\\0+?\0Wt\0zV\e\\\0\v\\\0.\A6f_\.\\0+?\0Wt\0z8cLW@ø#vw\4\\7\\ki(%BĿ=\0㾧\\0\o E	\0\o\'K#\\0;\̂m\'K#\\0;\̟/\k\0\\\02	P/\k\0\\\02Ŀ=\0㾧\&\.:T/K#\\0;\̤hEXWx\\v\iA!+\H	a\:\z-\ZK#\%\ʂm\'K#\%\ʟ/\l?\\0*	\gd£\\'\c2\nH\k[L\vïm-\+{%\\\\_&2\8\dSCW@[ho$\G=\X\1PK\\Ç\IL\zx\L-hOB\Zl[(E/\\Z\\}Zv\:љ_ڟ\/^\\\\&\BV\e\\\0\v\\\0.\Jљ_ڟ\/^\\\\&\\DՌsNh\\M^5~nl\mnЊC\0\r/}\Z\\\ri]\B\ȵ|\q\\c8\0>Ҹ\Fs@A\}`I\\|&i6\\l\zZH\#\\w	ox\/n\0\EmXAGJ\uN\\j\YA-)հ\\\"֯x\[\cڹjrmc\ZC\0]b\sr\k\#\6+@DDL\0HO\\0̩\	\0V]+?q5V]+?qQ]]ч\7\w\\-A\\v0\4uM,=\\r$w%uADD@DDD@DDD@DDD@DDD@DDD@DDD@DDD@DDD@DDD@DDD@DDD@DDD@DDD@DDD@DDD@DDD@DDDA:<Kyl\0*ފ\\qv\Э\\g.\\ZΕ[\Cs,ބQ^?EU]AQ?L\[g\[x|2S\E\\#[\+g~勎\Zv\rd<#~\}q\w9\#o\\tl}jm\L>jb\BO@,\3!?\0\\W2\'OH.dD@DDD@DDYvH \0\Ƭ\YvH \0\Ƃ\DDD@XY\\\q\35\&\Ι\\4\\\\\HK\ꝃFv	G	ps*-+?ƩMй枥n؂	~Aɳb	Eb\*kO\6\\K\0\0\8ނMeiab]%|-sa1C\\ہ˵n\\^\2.\^lK0\Q@a8mwH\0.}M<5\\.۱\\" \"\"\"\\ͣn\\rCtZz<;2a8T8\ikhq\>6\\3q{\\]Qb\+Rz\ig\S\'\\.sXⶐe.e.-e.:VV\"f!!u\7\\\;Z\\\\\m\"\\P\ie`\\\0͸\E\~\6\\a6\X\ O\tU\ZX!\\3\\}V/Ecs\\'\bW|j\\\0S$\i#\'\0⾣xG/{\hc\'\0\i$M.˿\tn\\g\ \p\F\P\m\O\\ٱckO{\eS?\?\'%s*gA?\'$2\" \"\"\" \"\"~$V\0\Vj~$V\0\Af\"\" *;\h\p\^\@\Z\r\JI\yNЯ\8\J8\\߽4&\j\@;ŏAA~\!G=>D|K*k$-\n6\\0\\\U\\d\\\S\\\:hlqF\\1\0l\r \\\\q\\kJڧM<q\\\\h|L;\\cu\gd	om.]OTT8Ƶi\=\w>uf*`8$4u<p68\YGHZtK@j\+\#@ٌB\'eFj쐱\;.54\\\\mܹ,ryUM1:؋av\\l\M{ev{\wzL\nhxL\\tp\\r<\Pl5msCC,\[	A3qk\b-[\qBc\r,V\.um\J7`wm\rUoھ\pp\{yPN\"\\.\CU[\~\p\\\'\6\\\\T\\.\CU[\~\p\\\'\6\\\\Tu[\\;\_\\\Omɽ\\ǇG.)TbJ\cwWF\n\m\K\"\w\\\x\\\$\w\\\x\\\$>;-\{\;>;-\{\\(>\O~N\~{^\N\O~N\~{^\A8\\ߓi\_\ߟ\\0\\ߓi\_\ߟ\\0N%\w\\\x\\\%%A[%A\r]3\\\#v۴\\v\DD\6\G\x\i|\#WP\hy:wzݛyش>G~3\ߍ\(>\O~Q\_g{n\N\O~Q\_g{n\A8>G~3\ߍN\\\,hd12=e$jsn&X\\\\\nvw_jШgop90;O snV\\Zc\\\gB\r\t;Iu7\Pm\"\w\\\x\\\$\w\\\x\\\$>;-\{\;>;-\{\\ıAEQOKOt؆6kFܞ\\;4\T\\8>7i-N\j\k<kqF\K]T\W\\Z\"c$|e\50\:w\ՓvJm}=45,e<<\`\"W4Ɛ5=;-w4_hS8fha·\P\I%Ѻ@o67>ĻQ\6;8Ӊlǉb45\\E\U.v;p\`5\ivb@Sx>*^b\O̒҈\K\c:ihw\YPyEE=\g\i\\oA.\\ߓi\_\ߟ\\0\\ߓi\_\ߟ\\0hglj\08=}cc|\lm\\<7\\\p/m\жr9]RV͉\ݮ\Z\\R\NcQj\\\rg\PѾTM\\X؞C\[+$\FlX|\fheM]L%D\X	\rk\CM\F\\Z\\A]|;wm<[\\w]|;wm<[\\	˯Dͦ|c\\\\\Z\\\rI\:2aRST먨m|l\\\P\>\X~\\g\\ha\᧒Hb.\\Z\\r\\0\X\\e\\o0MR\K[se\y\ݥ©<XuNS\\S4Em\Ԧ\'LĖIC8\ߛrUA[%A\r]3\\\#v۴\\v\E[\\;\_\\\Omɽ[\\;\_\\\Omɽ\'3Yk0PU	j\\s4-.{\H&\\uprZ\ke3[\\;\_\\\Omɽ\0셉\ؤ3:hZ3Y{\\0\8 \\\Z\*lx4t<4PDen$i\6\eqxn=V\V~\rQ\X\\:@\\Ѵ\sI~\\v\Ɋ\݂\ݴ5Uj.7\Ow\x=\mM\\A8\nnp\\\Z\|\'\<\\0&\lbáUU\\4kn\X\\A\"<=\.;-W\c.=!wx\\_\nAMn\jqAa\Z6Gm/K\iR8\\\Gƺ\\U-6+`\ngXr4U yO\(,d^Z닯H;Ccx%K	\Nƞ7\5o\\]\ph \؍R4s4T\51,fMls7G4\VaUNv\_\È\nI\"fH\\\\I~o\i\4Һ@,\?N\\\rW=\\\+\0/\].5V)jUe+*\\&t/op\,t\\CfZf/J	D@DDD@U`oĊ\\\\j\U`oĊ\\\\h,\D@DDD@DD-m=/ lF\\r\rm=\0/ [pn6\"X\\^\\cs{D,nwh\;v\}w	\\0azDy\\\';\y\\A\\s\^w\hkl\}|\Ľs\^w	\\0azDy\\/H4hp\l5\n:qw\K{y.sI\\a\[EͱDy\\\';\y\\A\r\rm=\0,\\|\o\;P2\\0ݸ\0\\"\ٻ\c\_DA\\s\^\_fѲ\0\\K\\mE\y\\Aӳw\Ⱦ>v$m\|ށD,nw\\xޱ\"I\0\b\"kX\,\\\^\\$\0\\5j\3\kr\3d[\vϵqA\\"k\VQ\\\0O\\\\P\\!\P3xW\0\R\.\(-:G𔐻ؾ\+G^\rJl!{1\Zif1E3dx\odwH\y_\\\-EDS\HvC-\\V\n\\[o\lt\sc\k;\\n\n\ltZev\]|&\n9\\Ǥ\H\0tX/LR\$ӻK\\\0\r\\<񨤎v6\/\\mw/k\{l\\\kVAs1\\q\'\QR:\۲6[t\\)ܽb\R@cvƹ\ \(;\SzZf\#\\\me\\"\0\ZUe\\"\0\Z5b\\#ep}{ IMOE3b7-d\04v\ɰ\\b\/ʹsu=Ke\Z\f1\<CO\Bi\#1*F\"\pS\\\\\0/AB7\" \"\\HY@DDD@DDD@DDD@DDD@DDD@DDEEj颩\\\l=B\\7\޾\\%m,5PSKS**5p1:@&wi͆\m\>舀9|\/\\\.Eˣ\\l@\̹\\n({E\\\Zay\1\j\Rqck~JYe\JҶ\\[KMժ%|a\7=\Pv//cn\\Z\|\0u%TN\R\\0ʆMҥ,\\F}ńS\!jx\2\Z9\"ջimuUNgͪ\\Ufc\=%M	4\6\ˬ\Cw4=\rZZv\Z\\0\o[^uw\X3\\t\Z^\ւ\w\\G\\;ŷ.{\'C\\L\ӷsf,ee\\"\0\ZUe\\"\0\Z5S2\}Um&9I\0L#W\Z\88\m\\N\\\\\\Z\zA\~\Qj\J*\:*\R\^\.\4٠Wu4\6G[-e6I\r\\I⁭77p;w\yڷ\.\rB\籹*\q3\C8H\EkLm\+\ri\t\\YN%S\\\뢫/ch,\T\0i7]\\v\Q\E]\ƞ\\p.vnF\\.\MԔpysn;S/	ĸ8#\kX\#Y{os\x\\yuq=\`g\h $\\rDDD@DDD@DDXDED@DDD@Q\\+K\Xci\\2;h\I\\R+̔\0\v8\B\\\vF\DQi-p{\7|H7E>]s^1Aƶ<9<K-hk\0\bXY@DDDA\\.Lr<Z\3Rz\n\.\\Z}.-sx\}Nm\rwoj2̍jXcs\\x!p\\\c\;\_\d\\ȸز,EK+`\a\㌱\\ۏ޺\DDD@DDXDEAXDE\",\\ \,\"\\\\mW\'\Fa\q,{SKPl:H2J\qk\r\7\u\\.\\\\h$49\1H`\M>SaL\OO\0&\\l\0\M\6\J	XDEAX\\"\56بp=vU+$׋\/\0\jA\\X^ȺƐ\/ZBi</\K-X\s\'\~cwd\Qx\{\\i*K\K\:!Y\O\\`\.kO;}\5bn(TM\0ގ6D\1h\\\9Ԏx\2\r sc5\./\\yY\ܤ05إD\l\>Kl۽Gη,\" \V7\\?V\2x#w8oTé\&T\\ɱ\\j\K4\\\X\n\\r[A\0ˍY\\r[A\0ˍqlFz:\Z\\\\8R\q\Z㑗\phd\JM\\\\T-<pON!᰸A\0i[\rɶ\\v)W%<\RkjckZɤy汗h\04;}\\\"<\\XL6HD\Z\\Kas[sq*Z\K\kM\\"N\Z!\G\\roN\\]{Cx<[\\zv\Z\\\c\\\\\\\ \^5׿8ǉž\r\7j\<M-m\0yMN\\]{Cx<[\\zv\Z\\\c\\\\\\\ \^5׿8ǉž\r\7j\<M-m\0yMN\\]{Cx<[\\zv\Z\\\c\\\\\\\ ƟW;\ORd\l<V\"A齟`\v%\Ƨ\Ǹฟ\l\\\>ɫ\\\ShƧ\Ǹฟ\l\\\>ɫ\\\Sh&\\'\>\\k9ɻf\v\\\ڼk\'g\'\\Shx\^O\&\N\0ܾx~)u<XmHxY\N\r\6\lRȀURCU_D\LJc=@1\r\Ũ1m\ \] \ĩk/\*I78h}\\06ڼk(qg|\oShx\^P\&\6\0ޝƺ6x\6!;Wu\\1\loo\\m2ܭR\\\M=\ET\\\v\%$\o\\k^5?b\9&hhcñ\FD再\\\\sk\.h.sx>[Ū_I^Y?,mad-{!$CZH\vt\l5\\-G|nlsh\\Ev:\m\Dƺ6x\\w\\\^5׿\~\)A	ڼk\'g\'\\N\\]{?<g\;\rDƺ6x\\w\\\H+\\x\l2CŚ\pn\\rbDX^5k8\=\x\?c8\q=?\0*Qax\\X\/\r㚻\\\[mBQax\\X\/\r㚻\\\[E\Pvc\gs63j\7c\oA	E\Pvc\gs63j\7c\oA\\5q/\\\\9\}Oſʦ\~K[GE\'_\\nk6捃a\"\ĩk/\*I78h}\\06!+pj~\\\{q\==욾=\D\g\q\-\8.\'\ϲjy\ \g\q\-\8.\'\ϲjy\\"𺚼\&\']OC\0m\\K2\k]cX9ۚ\\>Ơ\g\ZǸ\\x\\lg\\n>ǧ\\\J,/\Zk\<_㟁sWyMJ,/\Zk\<_㟁sWy(j\q{~~\q\]\\\z~-U6#Z\<2(1:\U4u]ɷ4lܤy\\;M<\MWX>!+}\-U\\\\oJk\0\++\ZKi`PiP\^6\R#pi;v|j]y\[8uL\\\\E\r\Rh5+#w\0\\srW~\'KT@\εΕ͠nڜmˎ\]>#\+К\\]RX\\0\r\;/p\\\\eX7\roz6y-\UR\" \pڼS\\\\ZX6\F`]|sB\i\\|w$>JȞU@Y\A7\5K*d\u\\fS\YL\\^Iu\vh\n\\r[A\0ˍY\\r[A\0ˍ!Qeb\ \\"\\\"\" \"\"\" \"\"\" \"\"\" \"\"\" \"\"\" \"\"\" \"\"\" \"\"\" \"\"\" \"\"\" \"\"\" \"\"\" \"\"\" \"\"\" \"\"\" -Zc\}E\5\q;\W\\va\Q,X/vX\Ar\\\\w\޶**a{\\0Ytj%G詈`7=\0\s\S5x5\0\Z+{L\JiB\x\\+\\\wf,\M\ٚ\\0(\;)KG[\\{\/κA\gڷ\e*.k7c\ة*L\~\b.\0S?TuHb_\\\SH\Y\<\'x̮cm&\?sH,\ē:Y+ćY\Zt\]\'xK5i\\-؊7>\<ek\,=\\.aeV]+?q5V]+?qQsnm\\\\[ӊUH\;TVŏ,>Pׂ\vm\U\tM\\̅ς\\ҹ\d.2\0\08m\r:OA(,K3n;\2,053\n۴\/r/\nyf%J\:W\s\v\`{\i\YYO\$x\0>\nzXn\\\\	;KERQ6-.ڷCOQiͰ\t\\n\\_\5p,r6*@\h\5<M\k۵\	h\\D<&ĉ.+\|_\)hDl-\@\\M7\\\@\;\\\*zzZ\Q֎헄v\(\˙g\rBCBv\\\!\q@\J*ڹ*Bɞ\\\0\Z]\Z@\r\I\<$̯\UWI%)\\\⎕\{nƑw;:\Z?rb\eib2\aUuPS:Xa|\W4\\4o\m\\ԢPTe\f\H\j\t \,\\t\2#.:GB\\H\DE\/dE\/dE\/dE\/dE\/dE\/dE\/dE\/dE\(2#.:GJ\\H\K҃(q\:R\t\,\\t\(2#.:GJ\\H\K҃(q\:R\t\,\\t\(2#/tE\/tE\/tE\/tE\/tE\/tE\/tE\/tE\/tE\ey b.n:GB\\t\Z3`5\%3	\0\e&Yw{N\0\S#.:GByR\\\0Q\^L\#\0{Sq\:\t \\W#\\\\0_v;;H?\?\ø\	q\:W-\sm\0\\\r!dowK^\\\\t\<\0 ^\.:GB\\tEЈ51,>R,M\\0b==<Q_\\V.Ca\c\!|TЀ\\P-nۋtVX\\a;|\x6t\\m⮵L\0HO\\0Z\nC\\P2-})DD@DDD@U`oĊ\\\\j\U`oĊ\\\\h,\D@\\V\*d\s&3ƒࣕ\j\{&A]z\Ο4?A\3\\j3u%\\53\p\Y\\\\h\,o{\\1\Dx\h襦s\vK,3\(e\7v\|Ο4?N\s\\\0\r\}]V暆\E\8\\tKU-|{c~؋^u\4jn㼶\",K,\A%f|GO\d\KZI.6!Qo\s\\\0\rӹ\{\0\C\0tZjS$7\0\\N<\P\\n\V@ ĝZ&2\e\|R\CǴ\p\\n\g:~\0\\0\;Ο4?A٭jڎ\'E=@Y(\\'5=\ \\s9\\0\\\t=\0\\0	\?c\\q\0\}\\|_\\?\s\|m\xdPbui:\8nh\6?H \>/\w_\\Gڝ\\\\+;7\T\ \>/\w_\\Gڝ\\\\+;7\T\ \>/\w_\\Gھѫ&Z6\	&Ksn	\$VdACh\?1x8\0\\t}\\P\#Z0\\^?\z]<_G\\j;\b5\\\/\\{\\fs\Ch\?1x8\0\\t}\ﺜDt9֌3O\\y\b5\\\/\\{\\fs\qA\\#Z0\\^?\z]<_G\\j;\9֌3O\\y\\ACh\?1x8\0\\t}\\P\#Z0\\^?\z]<_G\\j;\b5\\\/\\{\\fs\Ch\?1x8\0\\t}\ﺜDt9֌3O\\y\b5\\\/\\{\\fs\qA\\#Z0\\^?\z]<_G\\j;\9֌3O\\y\\Ab2\}hvڑ\0kK\\Z\m\Zon\:W\\0c\\\\mBwGǈx\o?/\N\\0c\\\\mBwGǈx\o?/\N\\0c\\\\mBwGǈx\o?/\N\\0c\\\\mBwGǈx\o?/\N\\0c\\\\mBwGǈx\o?/\N\\0c\\\\mBwGǈx\o?/\N\\0c\\\\mBwGǈx\o?/\N\\0c\\\\mBwGǈx\o?/\N\\0c\\\\mBwGǈx\o?/\X\Fb\Cƿz\\\\YN\":\\h\'Q\\8/Kk>\u1\Z!\0TbR\\\Z\o?O\e8 \F/?\.1޶\J\\h\'Q\\8/Kk>\u\ \Fb\Cƿz\\\\Y+F/?\.1޶\S1\Z!\0TbR\\\Z\o?O\d\Fb\Cƿz\\\\YN\":\\h\'Q\\8/Kk>\u1\Z!\0TbR\\\Z\o?O\e8 \F/?\.1޶\J\\h\'Q\\8/Kk>\u\ \Fb\Cƿz\\\\Y+F/?\.1޶\S1\Z!\0TbR\\\Z\o?O\d\Fb\Cƿz\\\\YN\":\\h\'Q\\8/Kk>\u\\ә6*\\\\tb@\ʛL?Ene,!;]\W\wotk\0\\0\r>\6!;]\W\wotk\0\\0\r>\6!;]\W\wotk\0\\0\r>\6!;]\W\wotk\0\\0\r>\6!;]\W\wotk\0\\0\r>\6!;]\W\wotk\0\\0\r>\6!;]\W\wo&4j\`\n#	I\\\\ۂq\YS?\?\'%s*gBg\0\\0\DDD@DDD@U`oĊ\\\\j\U`oĊ\\\\h,\D@DDD@DDD@DDD@DDD@DDD@DDD@DDD@DDD@DDD@DDD@DDD@DDD@DDD@DDD@DDD@DDD@DDD@DDD@DDD@DDD@DDD@DDD@T\\\0\0I\\ʙ\\0?\ e\\"\0\ZUe\\"\0\Z53!?\0\\W2\'OH.dD@DDD@DDYvْ+?q5U]\!vZ\ig\nccCv;\Aj\"\\Jʄ\l/\\\~Gڂj\.:T/sgl8\0}\\>\\l/\\\~Gڂj\.:T/sgl8\0}\\>\\l/\\\~GڂkP\	p\ˆl3\.\[R\\쩴\\\'[\\\'f-\\_\\\\Ŵ{\\fu҂n\.%v[5/\/Sh\^\+٭\|^?x\n<[Gl\j](&\\BWe[\+\:xz\\\\R-\\_\\\\Ŵ{\\fu҂n\.%v[5/\/Sh\^\+٭\|^?x\n<[Gl\j](&\\BWe[\+\:xz\\\\R-\\_\\\\Ŵ{\\fu҂n\.%v[5/\/Sh\^\+٭\|^?x\n<[Gl\j](&\\BWe[\+\:xz\\\\R-\\_\\\\Ŵ{\\fu҂n\.%v[5/\/Sh\^\+٭\|^?x\n<[Gl\j](&\F\%v[5/\/Sh\^\}K\\DF&\\Z\SY\\q\A+qҗ*\Cƾwbw6z\x\\n\/\A5qҗ*\Cƾwbw6z\x\\n\/\A5qҗ*\Cƾwbw6z\x\\n\/\A5qҗ*\Cƾwbw6z\x\\n\/\A5qҗ*\Cƾwbw6z\x\\n\/\A5qҗ*\Cƾwbw6z\x\\n\/\A5qҗ*\Cƾwbw6z\x\\n\/\A5qҗ*\Cƾwbw6z\x\\n\/\A5qҗ*\Cƾwbw6z\x\\n\/\A5q҄6{=o_\<k\xo/0B\p;cD\\]>ʛ7T\9\\~%n\BP\E\\bC:ο}\\\\z-.\\\\\/\\u\\~sЂn\.%[4]/\\8_S\ݜ>\(r٢\m|^~!\z\\g_\\\=&\\BP\E\\bC:ο}\\\\z-.\\\\\/\\u\\~sЂn\.%[4]/\\8_S\ݜ>\(r٢\m|^~!\z\\g_\\\=&\\BP\E\\bC:ο}\\\\z-.\\\\\/\\u\\~sЂn\.%[4]/\\8_S\ݜ>\(r٢\m|^~!\z\\g_\\\=&\\BP\E\\bC:ο}\\\\z-.\\\\\/\\u\\~sЂn\.%[4]/\\8_S\ݜ>\(r٢\m|^~!\z\\g_\\\=&\\BP\E\\bC:ο}\\\\z-.\\\\\/\\u\\~sЂoP\	qҠ\ˆ3\.ER\\塚ؓW[ê\\z\l/\\\~Gڂj\.:T/sgl8\0}\\>\\l/\\\~Gڂj\.:T/sgl8\0}\\>\\l/\\\~Gڂj\.:T/sgl8\0}\\>\\l/\\\~Gڂj\.:T/sgl8\0}\\>\\l/\\\~Gڂj\.:T/sgl8\0}\\>\\l/\\\~Gڂj\.:T/sgl8\0}\\>\\l/\\\~Gڂj\.:T/sgl8\0}\\>\\l/\\\~Gڂj\.:T/sgl8\0}\\>\\l/\\\~Gڂj\.:T/sgl8\0}\\>\\l/\\\~Gڂj\.%v[5/\/Sh\^\+٭\|^?x\n<[Gl\j](&\\BWe[\+\:xz\\\\V\6\ZiJ\\7W(\\ɪ(t6\\\s}礠DDL\0H=\\\0\\W2-\ÈfGT\	]5τ\\Aj\"\"\" \"\"\" *.v:*jx\{&1#ۭc\0\i*e\\\,\౪V\\op\֋mG\-tXY@DDD@DDD@DDD@DDD@DDD@DDD@DDD@DDD@DDD@DDD@DDD@DDD@DDD@DDD@DDD@DDD@DDD@DDD@DDD@DDD@DDD@DDD@Uf\\GM\\\\iEappi|\~;J\l\0wG\\\?\0\e\ZǴpE\\0$\\6i٣|K\\\\fikM\\\un+-j\QCQ\KUz\7\Z\b6|H4\9chX\{\^\n\{:\[)uO1)g<W$\.\L\0\\\o\mw7Mo\\n\"\" \"\"\" \"\"\" \"\"\" \"\"\" \"\"\" \"\"\" \"\"\" \"\"];.d\`Yx*\!\q,\g<X\\5څ\_n\\T|[	\0]U\0S45\0hk\\\'Q|\<M:V	\\\\5@\\Zs\\Q`I\0\q\.:RZ\jp:\@\\Zy\',&ڴ4|[֎yJ~/P\a\8\oѽ\,\"\\HY@DX\AD@DDD@DDD@DDD@DDD@DDD@DDD@DDD@DDD@DDD@DX\:BlՌ/\G%\.`sIC\\\\@?r=\YI0sbR	Cpq̸;K\q8F皎\3\u\\\g\$F\/\-m\j\\+R#8\CZƀ@\Wݕrt\-a\\\r\\]\\\\0]\c\"fs_Z\eT\r\C\\.7E\u*\B#\\\\\\z&\coγFϔ{b,0-\\*#/f\n,υGak\ѿ\\<7mپZ\Qq9[\Z±*̫ST\\RL\\0l6\\tc6\=Lt	pKF\'I\'I\\\膧^Rv\]l6\\Pa\LL.{bS漆8CE\r\7_<]\b\j\|+\F`|BV87lqc\"s\\sE\ڃG\r\>g\x<3\nk쮎vN:n?c@n\ l1\_˹Zl\[#sQ\\5 \\Hsn]f؋F\d\Z\p,w*\Tt\rTjl{\ZLNm_\\cn\k\$\\y\\/GO$m\a9ɚk\\\X֙cG9\;KCı\\Vщa42O-l4Ρ8\r\n\&u\=1m\絻.\nvꦬ\b9\m+\*0h`\Ɨ6\s_߁\6\'\\r\)5׽-ɩX\\'4Y9\\0\lۣ\s\3\Sl.\ZHC@\\Kуn\r/\\841N3\ux|\\1\-l\\<9\aAV6i.%4Md\\ŮoC\Hdb\̍\\\h\xF<\GI޽A\Vk27=y\\Z/ڛ+؍ylOs\26QqY3&)4\6C\\@q\o4\v\\\4UK\*]$\\,R\\,i\ZF\\\d\\	y%\\\\D\~a\\jq\4TFʛ\\\ry.\\6-\sF6;*\)\}=D>X\\7#ѴmA\bl\߇\\\\2\^\\ֲWf\xNƞnr]\ru$-ð3	j\wΓ]K,pEP(\_bP\\6*(deߩ\\	2j>LN\n<\K/Q\5¢\\\\\'f\\$cP\(q\:P\:œ\"YwbU{)CE\\IY<I\7\d\(\V;@[OL\gJ\\\h_\l\+iu7s9ۤ\cnK|\\\\]|./2c\vtv&ܛm\E\U\Z\z_DAR\\\\l\3.Ca\jh9\\Z\\wh6\\\\\\\fpG:,D<\(.~va\\o\Of\\\\Ƈ\8SYEy#cdV\\^8s\\;\\uNC~@y\}~\\m$\\\\5\5y&\`\\\\FE\FK\r!.F\n\q\\b\%\ͻ\eQaeQaeQaeQaeQaeQaeQaq侦4\%7M\\q侦5\a!VQ4`M,u\X\0vΫ\A\rCΦӒ\\u74A\rCΦӒ\\u74A\rCΦӒ\\u74A\rCΦӒ\\u74A\rCΦӒ\\u74A\\=\ň\i+\+pA\\aeQaeQaeQaeQaeQaeQaeQaeQa. \\\\.w0\l-^\b0\ZѐnE\6\\\\rj\\\d;(-,mN.\Z4Sm-e\g<\0\\\n7q\M~y;~mȾ\it\\\ا	\\S8\U\֖f\0\\7ۥÛvl\"\Z\xi\.\\O@\\\\\\~\&P\\\\\"\" \"\"\" \"\"\" \"\"\" \"\"2\"6\-{\Cn \޸|\\/cOt\п\r\@leֳKݲ\\7>Uߢ\n\0\tYs46\0\\Xm\\5\\\Fݻ\0_Idl&bF*w\\\\w\m+.Ts7\\\)ʎf]b\0<Y\G3~_R\o\\/\\U+.Ts7\\\)ʎf]b\0<Y\G3~_R\o\\/\\U+.Ts7\\\)ʎf]b\0<Y\G3~_R\o\\/\\U+.Ts7\\\)ʎf]b\0<Y\G3~_R\o\\/\\U+.Ts7\\\)ʎf]b\0<Y\G3~_R\o\\/\\U+.Ts7\\\)ʎf]b\0<Y\G3~_R\o\\/\\U+.Ts7\\\)ʎf]b\0<Y\G3~_R\o\\/\\U+.Ts7\\\)ʎf]b\0<Y\G3~_R\o\\/\\U+.Ts7\\\)ʎf]b\0<Y\G3~_R\o\\/\\U+.Ts7\\\)ʎf]b\0<Y\G3~_R\o\\/\\U+.Ts7\\\)ʎf]b\0<Y\G3~_R\o\\/\\U+.Ts7\\\)ʎf]b\0<Y\G3~_R\o\\/\\U+.Ts7\\\)ʎf]b\0<Y\G3~_R\o\\/\\U+.Ts7\\\)ʎf]b\0<Y\G3~_R\o\\/\\U+.Ts7\\\)ʎf]b\0<Y\G3~_R\o\\/\\U+.Ts7\\\)ʎf]b\0<Y\G3~_R\o\\/\\U+.Ts7\\\)ʎf]b\0<Y\G3~_R\o\\/\\U+.Ts7\\\)ʎf]b\0<Y\G3~_R\o\\/\\U+.Ts7\\\)ʎf]b\0<Y\G3~_R36H\],\^R;Hei-~{qxoĭAT$-1\\S3q.\1|wpٳa*o/$˘,q\Zn\\2\\\mi%G\۠\~\ݢ\Zl\r\{D@DDD@DDD@DDD@DDD@DDD@DDD@DDD@DDD@DDD@DDD@DDD@DDD@DDD@DDD@DDD@DDD@DDD@DDD@DDD@DDD@DDD@DDD@DDD@DDD@DDD@DDD@DDD@DDDA\','jpg','2020-03-20','nonTraite'),(16,57,_binary 'PNG\r\n\Z\n\0\0\0\rIHDR\0\0m\0\0\0\0\0X\0\0\0sRGB\0\\\0\0\0gAMA\0\0a\0\0\0	pHYs\0\0\\0\0\\od\0\0V!IDATx^\Mn$;\K\ݜ\@ϴj(B\Hy\r|@gi\\݀RUuph\gf$=<RD0<#\\\\B\0\0\0\0\\A\0\0\0,\0\r\0\0\0`m\0\0\0\0h\0\0\0X\0D\0\0\0 \\0\0\0\0\0\\0\0\0\06\0\0\0@\0\0\0,\0\r\0\0\0`m\0\0\0\0h\0\0\0X\0D\0\0\0 \\0\0\0\0\0\\0\0\0\06\0\0\0@\0\0\0,\0\r\0\0\0`m\0\0\0\0h\0\0\0X\0D\0\0\0 \\0\0\0\0\0\\0\0\0\06\0\0\0@\0\0\0,\0\r\0\0\0`mo\Ǘ\s>\0\0\0`\(\^_\\\\\/\^\\\\×?t\0\0\08g\\\\\}h_䋁x	+\~\r?\0\0\8\\ z\\\EJ\\0\0\0p!\\0/\\y}e\P^\\'r\z\Z_{U;\Oىdߢ|\\\RO\f>קި\U\\\'Y\\y\0\0\0>/mݰ\"Jh1\^rC\0\"D\:َPZDF\T\nr\w\L;#UĹvs;V,c\0\0ࢢ-Hy2%D]\RDM\$d\rqRvhkv\\QLe\W\ܧr\\\N\v䞊=h\0\0@-Qt\mG\\I\@W\T\{іbF\0\0~./ڲ\i(	#I\h\\'m\0\0\0p*gmSe\	1,&dE[\'\0+Y,_h\\ne[\\/\r\0\0\0FQeČA\DO@\L)\DXn>\s^Ni\o8\Q\Qp\nNW\\']\\ePk!\p\0\0ܜ\x6mF(\0\0\0\\)/\y<\R%\\,\0\0\0Xm/{\Z0|]	\0\0\0p|ף\0\0\0\0h\0\0\0X\0D\0\0\0 \\0\0\0\0\0\\0\0\0\0W,\\|\0\0\0\p9\\r`ǟڰ_\0\0\09h1f\"j\r\0\0\0\b\\^7\7 \\0\0\0\0.%ڞ`{\\J0d\\\n\ﴥsQ\=\//O\\_\>\\!\/\[\0\0\0\h{	K*4	\^\%\gAV\_Y\\\\r\v._Yd\k/\z\r\0\0\0p\r\\@\+\L +Sz4\n4J\zmB~\~\0\0\0pI\/\+\z\'k}\۳O\l\f^lHeh\0\0+\̢\\=R9\.\ԓ!^Fd˓5\0\0\0f\+ڂH2+#)\kwڬ^\_P\Z\m{\\m)p\0\0\0.\\D~%\DX\\溽\\/\_C\Z:{7~{W\5\\0\0\0pi.A\0\0\0\08D\0\0\0 \\0\0\0\0\0\\0\0\0\06\0\0\0@\0\0\0,\0\r\0\0\0`m\0\0\0\0\E[\\M\\G|\0\0\0.\eD\\K\\kܷ\d\46\C\i@r_,h\0\0+\\-=Ѳ_.O\w\/Z\\_\\\'i\"^|*8D\0\0\0\\\mY\\L\g-\4~7ݗGt[D\0\0\0\\)gm\)۱/bG\Z\VbI4WUDm\_<s\0\0\0pF\*\\Q#NM\\\>іD^*\K\0\0\0\jE[@<~KW/GckhJ\C\n\0\0\0pNx=:D\\n\\\{m\'6\^<m\0\0\0p&.A {V\\p͋?i\0\0\08\'\mĪ\n@\D\\"u	\ֆh\mĺǞ\Z\0\0\0gmY{\\ZD\'mc%O\r[\\PVX{\\0\0\0\0>ˈ6\0\0\0\08	D\0\0\0 \\0\0\0\0\0\\0\0\0\06\0\0\0@\0\0\0,\0\r\0\0\0`m\0\0\0\0h\0\0\0X\0D\0\0\0 \\0\0\0\0\0\\0\0\0\06\0\0\0@\0\0\0,\0\r\0\0\0`m\0\0\0\0h\0\0\0X\0D\0\0\0 \\0\0\0\0\0\\0\0\0\06\0\0\0@\0\0\0,\0\r\0\Mr\%K	\0\\r\0n\×/A\\݅\\\>\\5K	\0\\r\0n_|=<ϳ\\>F\\o\\\\B\0hۣm,\\\\r\\0\\0\P?ڧmUsQD\\v,\\\Vs\\\\r*\ħ|]\ŋw\#e696]_\0\0Kh\c\"ڒ\\M$D\2U\EH]\>!+Jb\~@\cS\^ggXv\f_cSt`em\0p{l$h\)%ѣ\)\Z=-,ۢͲG\6|y\0\h\c\"\D\\\"҂2~Uۢ-\?\ZY\cmZ\\h	m\0p{E[8EhSOچ\W\緊SѶUXY!\\0nD\0\\"ڬEdBKA\ zZ(\	㢭ܓzS!v\\@\0\\0(\\1xf_%&a\_/6Ĕ\\\⮔K\T>Nb*c\=\m\fe\4\'\0*6\0\0\0@\0\0\0,\0\r\0\0\0`m\0\0\0\0h\0\0\0X\0D\0\0\0 \\0\0\0\0\0\\0\0\0\06\0Դ?l\\\\07Lj\\9y\0k\\0K:\'ݜ#m\0\06\0Y^~\\\wwԀh@m\\;k\\\\r\\\'\V~\\\P_]w/O\\\\c_\0\0\nD\0\$At%I\"\˼\"\'k\&\^e\ɵ,D\\ߕ?W\K\fj/߲mDo\\06\0A^?\S,\\\	ܿ<=S$\4-\"\0`D\0\\" 2eF,\mG\\\ə.WD\0\\\07\\7;l\\WbomiZ\\Z\]\0\0\'h\\"\n02\)\\_OF{\wݴ->Us>Z>\0lh\A2\|\\kד\\_e~=ۃU=|vzd\h<k\S9\096\0\0\0@\0\0\0,\0\r\0\0\0`m\0\0\0\0h\0\0\0X\0D\0\0\0 \\0\0\0\0\0\\0\0\0\06\0E}\\\\[\0`6\0MTqd\\;g\w\\t^2+\+\\r	6\0\\r\0nݢ+\w\\-B\\/sￓ4Ͼ`>թE_m\0D\0\\u!o\WoOݗGShh\b(<\(\F\"1DY{ڞm*b\06\0)\5\ p-\\>\{\w\"͟Ѧ߭\0AMqh+\o#t\\hl\mC	|H\046\0-)\\\+\\\En/6\0\ \\0\\ȿG6XQ}ԫ\p_?\P8Q!\\0`\r\0ny\\DYV\Tok.\z\W\0Y@m2}\>\i.cU \I\7K9p˂3\^g\\0\0\0\06\0\0\0@\0\0\0,\0\r\0\0\0`m\0\0\0\0h\0\0\0X\0D\0\0\0 \\0\0\0\0\0\\0h\\Pn\7\h9k?n>;6\0a^Ǿ\\}s||+A\{E\;A7#\\&.yl\rBH\\\\h\%%T}\n\\\\;!O>h->cz\\ͬ\\YU_\׽}DN\\ \\0\fyq7\\0D\n\2b\Ӌ,pnv.\r\0n	݇MX6-vDA\W}y\\k9\\\k&/vm\~R\ ү\\\\\!Նܱ_\\7j\棼lהl|}<a\4Αԝ\3\\r}ě`\\}Ӯ\.\\p\|xvK\\Z[\䫌A_vl\P0Gb:ƭ\<b\\ \\0\&y\rB%m?isn>GD7@\\\rl^\2S[\\'`EW-ZbEF%x]iPb\m\?\r܈(\	rO\0mW3ʭ+*#\\ğ\ѱߝr\Ɲ\<|F\ԲnlW\ɵq_VLk\\޶\x\K>v\\ \\0\	ӏe\r1m\\ݹ\\6\@lW/3EٲJDw>\وҎk3\vK\U\"1\"\H?\zҎ=\>}j\mw)k\6[;]K~\Swҗ\X\"Yi;>W\ԓ{1\>\\D\0\u\\\d\Zl\5%@Xp=\\ͳ/3ŉ-\Iظ#\|l\\f\vv;[D\\{\W\-ul\\\i𬉛hv(j>(\t<O6z/\r\\_#_!\rD\0\/\\\S62/\\]SD6\\FvQ\6\ \\,y\\\\r?#\\);@rk\S\X\rs˶{jӵ\GOn3\V\Sat\r.\r\0n\r6\4\8k\F7\!{\F*iCg.S\l)tS/`Ę\b%\D[\eć\2bO\T{\\\p½\˷Q8y]xyƝ\hewz\\,\\\\ʡ\:>pym\0p;\\6\Z9ڦ%\\7μyղl\\퓊Z\\k}4\Mu\1\\Ư\B\ĭcʛw\Q\\\\?\\A\\n&w\\\\Yܚ|\fv\u\\޳n#A,5\\iq 3\KÎ\ǨK\v=\nm\0\|1~!\\04	|0g\g\0\\0F?xO̓!%\߿A\>]X\rD\0O\>J$f*`%m\0\0\0\0h\0\0\0X\0D\0\0\0 \\0\0\0\0\0\\0\0\0\06\0\0\0@\0\0\0,\0\r\0\0\0`m\0\0\0\0h\0\0\0X\0D\0\0\0 \\0\0\0\0\0\\0\0\0\06\0\0\0@\0\0\0,\0\r\0\0\0`m\0\0\0\0h\0\0\0X\0D\0\0\0 \\0\0\0\0\0\\0\0\0\06\0\0\0@\0\0\0,\0\r\0\0\0`m\0\0\0\0h\0\0\0X\0D\0\0\0 \\0\0\0\0\0\\0\0\0\06\0\0\0@\0\0\0,\0\r\0\0\0`m\0\0\0\0h\0\0\0Xm?|r\\\5_\\>\\"\\Q^\'ׁ\\"\y\0<~zx\'\5eTR\\0.Dڐ\\,ܦU^~[S\\$\nV]Ve{\\[\\G\\79Ks\\	~e>D\˷ :\F\O~{J\B\\\z\ߞ\J/^\\\rH\\\ \sU\{9\?6q͹ƧT\\\0\\/\m\1:t6\v\v5mnC\Zhm\\r\0n\<Qt\#,u3n*\'G~\Z\WGD[b#bPo\?sP\1V\\}\5ec\\\d-\\u\71z{9%ޯ?^\fW\'\)q,\j;\Hq%\\c+\s|\\]PG\eWie\ss&\\`<6\ar\\ܺ<\cogn<\\\y-\q\~6L\F̩k\7\\k\\E\\9hYǡMֿ9\06Y\FJ myū-데ܓzv\]ـڵ\7\ZSߖ3m\n}[e\zw\&٪>卢_m9\o=76b=\<Ks؞ܳR޾X\˭\=_沈5g%h׍\f9\}+r\X\\\\J;ot\\վ_Bl_\zC\=7U.aǢ\e/\n\WB\8W.n\\\\dgs\\te]\>_>>\'\0\\h\\܂&vd!>-\\Z\6\\b\a[>M_v\#9\Y+\y\oDfӪq_\\ZUn]Gt[R\\}\\\f}i[lԺOl@<9)G\\\#\\\ؾqI~#\r\\\\\)\`b\sS}.l./\"<\\s7\\$7}|-Rno\0>\'Wz_ˢ\t=NhG*g\q\"\lg>lk\\eh\\z\ycW\+\$\Z9K=\l}F\@H!cU#9\l\O\rl@r\\?˾xM5Nt\z\Vj\\\\+\6\q\\x\Z\i\S,W\\wo\n>wrn^o\\\\/\\0A\\\Z[\nvq/?ۃ\\Z&1h\ǰ˟#.v\~S$\1\\\m\ty\k\\VƊn\\;q\^ E\>gz,\;Ŀ\\\\vo\}kR\Scbٽ\o׶\\\\\\{۹ٞ_M\\'\\3\0|\+\\\\]	:~\3BݴnsӛfF\P&Տenា\\ȋu>\P\Ē\o;\6\\j\]n\Ɨ}~7?]Τ/\}O~m1M:b7V[\\LY_\ǣ\n_6\\\Jʖɍ\C!֍em^t[3|;\N0j\\21I*]\.~f\6|\6\m|\:\lj>r|\y0e\^\\\\	\0>-gmu!W;\B5J\U8{n\\B_ʹ\\z\\t|̋\\\홶ʧG}\r_\rݐbm\"m+#\1\r_\վ\򉒟t\kq\hq6\h\I\^_\ڰ\B\\4\\n״\o\Ɔퟷ\\\[\@iw4͵|t~:bL]^\!\f7L\\\\\KL\\ڍ	\p|m9Pm6L\\Z\0\0\\'.bu/a\"&\jI\r\0\ł-.\\\z\S\\0\\}m\0ދuDz5\\okU\0\55_k\0x|=\n\0\0\0\@\0\0\0,\0\r\0\0\0`m\0\0\0\0h\0\0\0X\0D\0\0\0 \\0\0\0\0\0\\0\0\0\06\0\0\0@\0\0\0,\0\r\0\0\0`m\0\0\0\0h\0\0\0X\0D\0\0\0 \\0\0\0\0\0\\0\0\0\06\0\0\0@\0\0\0,\0\r\0\0\0`m\0\0\0\0h\0\0\0X\0D\0\0\0 \\0\0\0\0\0\\0\0\0\07 \^_\\\KI\5\0\0-pF\zx#P\+\N^]h\\O^x}r\"\0\\0\0\0?i{/<b\>^\\h81\ǽ\\\b\0\0\08\_>\\ħAN=?Y_E_\C,0}	q?F?m\0\0\0p\"m\\U~ͫ>Ԣ;R\\3\'\\\ ^=]޽ԯ4w\(\^-\KrI\\z1um\\<Ӿ\\y=\\\\rnW\IDfߑ\0\0,mU~MM\H\"\\',x\SDHL\~Sў\\\m\\'m66*t\\*gJ`|1T?1rr\S\ML\0\0%h3b\"\Z/\|3Z@\Z	#Z\r/Th\:woxI͊$Q\Fx\8zلY\O9Ou{ǰC<\0\0ehˢ\돗\\,MDF\'h\\׋*ڢ\r}t\"\g\\h3\lS\~\R6\0\0帠h˂)\nъ^\\{GD۴^ĉS\,cR?i\h;\6\\0\0gmQT\\\Ha\e1TEE>עmX7\%ںQ\H\jD_Zďm~\\g\"\\=\w1\Hx\d\0\0\0\\E[VaӗIx)0!}{\H\)\O-f3\o \^Ë*e`\u\z>\F(\"G&\L\զ.\j\1wRO\*\jC\\\>\\\\V\0\0\0\3\b<\0\0\087ݠr<\\\0\0sh{\a9\0\0\0876\0\0\0@\0\0\0,\0\r\0\0\0`m\0\0\0\0h\0\0\0X\0D\0\0\0 \\0\0\0\0\0\\0\0\0\06\0\0\0@\0\0\0,\0\r\0\0\0`m\0\0\0\0h\0\0\0X\0D\0\0\0 \\0\0\0\0\0\\0\0\0\06\0\0\0@\0\0\0,\0\r\0\0\0`m\0\0\0\0h\0\0\0X\0D\0\0\0 \\0\0\0\0\0\\0\0\0\07&\^_\\\|휼rΧ+\\\k\׻|O>\̉[뗗oi1j\x\!\Fms7io\\\RU\\\;I\丄hVy|>H}|\p+\"T\\i!\u*6E[\}s\矇?\q+\_~^Ow\da\\\\\|`\\\\\k\O\dlz\n&\\\E[\2O.L\\[c<퍊6\mqsѶ,@\p\'J	+!b*ټxy\'\\7#D9\\Zg\\\sq\\\mO \^\ZAD\\x?\6U\^\E\6S=-m܉\\m^mmxoL(q.c-QfE\\\T\\f<\$\#=1LG[tl\\\Qr\n\\޸6f鋷\*\\\\\7Ū|;K>Z,#J{\\1\\\<;\\\j{*Yzulxvg۾\\Kc׹pJy7\\\\N\q\\\\\!3.T>\s\g\\\\u\u>şZ\oy},o\I_Pc0\)ym\MιG庞o^\\>Q\(>\jI\\\\\\xG;[\\2+ⵧ\XsdD\ܥ*\͇g\'\B{F:$[\j}\JuBP\x+mza˄#Qi۱\zt\M\iR\{2\\\A}:V&\Ƣma\\.^irՅf\Qʫ\Z/}!-4cůwm\\\.R|e\;\VWF|.5\\Sˎ]K[\$Ԯg*ζ1\:\I].oN߬2\qj?vO\۳3\SƉgڊ?\r)>L9j\v \?̘q>z\\Rf;m;\\'{+\n!\X_7Oڮ\\\\V\\\A~m<>g\Ϝ3\o\NG\\{\geo\\\jg^|D^>d\\SsIm\I럲%\\a͖}ŚڬBє\ў-L\Ni\N*[\q\\H[\ u\.4\\\\mN\\H;Oַ7/h0\sݫ>v\\mf\\&\"u7g+\s\0\3\p}*6m{\lx{\~\\\\Ƿ7>m\\~\\\\vG}W\\~LHJ̣\\c8_~,l\h\sC:I_kuo%)\[9n\\\ǐ\\\\6=v8\\U\`\	6\<2$~\gM~lq!\%\IOXJh517{	O	 `\"{\nF\'t@RO@J~af\\O\XmmyR\>\;ݏ\G2\K6[P6Dڜ\\;?$vGY\\j\\V\\Bɋw<Ɔo\4[\\"?Z\\q4ֈ\hv>>Z\p}*1\r\ɴ8z\\\Br\\ĩ\L=\fc\\\mJ\\f=ٶ% 9\g{}>\\\ᮯtٗ_jcG\ \5[}5=\\\HeS޷ry\BŹ!\i걣6vUkѵ[\f>\#\\\[?&\md\>J\\I>\\+\'\~c[\$\@\\*?\6fD\&\,@;1\-em=-#)\ꙸ*\&i6݂\`6mN\#fu~sDZc\[\Gs>\EWOio\4[\\k7\jH\\B\\\3N\\\HL\-\\rS\\J\P\Z~l\\lh:c\\}\~\Rn\\\^7\\\\8\\&\V_\EOѷst\\\rPqn\cH\\x\\\\o\C\o=\֖SS\'F1ؘ\\"\"0xI)U\%abr	\\\"8J6\O\\")/\6DZ<{.\Mmeډ6c\\\=	lx\\D[RN\rhn픉is\nb\P&\\\2qPs9\\~\/.N	15\\\-\o5\\\\\磏AگH=\sm@\ԯr\,\\F\cq|56O\g\k-?\母?>K՘Ǩi\\\\\\\r&z\\Fm?\y\rc?].Ɵh\\\y\Bǹ!ɏV>\b\n\\\1:_fk_ҦYښY\rO<sĠ\1m\@DtO$*&D-(\残\u\k)	C\'ܓ\|\K&/>Ŷ8L{V\\z:\ᬢ-\r\8\L\\r\Ņ \4iC͝6R<򢒮ky\r孝\\W1f\I\\H^do;\R):\'Ӓ(\b5H0ʧ\bo\u\'\\9})\goJm՞+)\\4-_+Ɵ\ci\0UcMI\\^ǿ\\\|\\Q[\\}h\q,k\\6M2\}5\͇p\Oט|b6nc\d	\~\ӎ61Zb}\\ˤ?#f\cu\\\C\ӧ\"*\1xZ\	),N/Q\ay#t\\SD\\ѓx2I4c\I\Ǣ\ټe\'O\\LB\\s\md#8&VA\jL\\Xj\0x/\&-2\0\\p\\\\\'Ph <?\X)\0| I\\\n\\\~oI\N}jr(@gO`\a_),f&2-\\G\0~\_/|&_\\D\0\0\0 \\0\0\0\0\0\\0\0\0\06\0\0\0@\0\0\0,\m\/#>\/w׉S\KQ9\	\c\)\q\k\0\0>W.ڲ8ݏ\ߒy>)[\'ھ\Ks\?\\Bv\0\0\\qO\\\yE\\wkA\\\5>y\0k\\E[|s=Z6\\=A\^\_6\0笢M^\םqR_\ZEPlL>\/eru\\BK\I\Ė\}-%\5m/-ݲ!W~TB%NDXzMm\\Zʗ#\\\ux\bm=Zl\~>ľ[X\\Z_׹\\h&\u\13ʙo0R\\ǹ\sf\k-\0[\O\\\7\A\r+m~\7\"*F\ʹz\F\TS]\\E\^&\\A\=Y[\\<\*gl2\"r\=\\6i\(R/rnl*m-\e\_\\\\R\'?\\\'I)b\T;-\Y{/\r\?\I\#\0\0M\.\dVڤڦ7ҁ`ϋ \;fs\\\\Hk\n\\X\.\'eC\\m\\n\^_\\>-\\\XVX\ib\^XÜ\\\\l:\\'kO#\F\̙\\E\\\q*/G\\'\0\0|f\.ڬHs\\ɂ\r]\j#Lx%\ȓ/[=\6~a\Kms\~߾mu\"H݋\'M\g\w\_-\{1E<\\"*G^\\\/듷Iy\|3g\^\=ֵ>E|N=>\0\sf\\D##ןCPx=\\\(\/<\D\;xno\N<wy\m\GS}t1M\iNș7?},W\~ӵ\0\08hO,\&f7Ul\\\6\V.ի_6B9˦8^ \f:\dm:o\;\\%_\B\\\ň}J\\+R[\\_!\\3\t~K\\\f${[>q\dr_s\\\\Kl{o)\}^\\\\\0\ଢM6\V\\YI\$)\\79\<\Qa\V\00\\mM5\\od;\\\\\`Æ\\9寷g\rRyoMek?\s&v}1uWԸ\\\}ƿXX\/\roi1Yu\$;6\0\\\mUd<x/Pm\\0\0\0\0]\\'6d#=aiO\0\0\0\0,-ꫯl\ O\\0\0\0`\r\0\0\0`m\0\0\0\0h\0\0\0X\0D\0\0\0 \\0\0\0\0\0\\0\0\0\06\0\0\0@\0\0\0,\0\r\0\0\0`m\0\0\0\0h\0\0\0X\0D\0\0\0 \\0\0\0\0\0\\0\0\0\06\0\0\0@\0\0\0,\0\r\0\0\0`m\0\0\0\0h\0\0\0X\0D\0\0\0 \\0\0\0\0\0\\0\0\0\06\0\0\0@\0\0\0,\\?~\\H\k>O\x8\}\x`\O;\\p\o\\]?\ڐ\\\]_G\7~hO{\}m\\\?\n\w?c\^`,\z\\o\|\qkos`\\E[Z\\h\\Ea\\8\l\"\\\)\{\6X\\O\`Ć_\)o\\'\\sc\^Gރӄ\s\\\\o\%\\Џq\0c.M\$ڳǅ\D˩\ZH\p@d\\f/\&\[7ȏF6\s=\\Z\b\R\~|\;\\hh\\$\x\Y\\\Oo\$>B\\\8\}1tcQ\Zv\:&5(w+rі?\.O\\W\ZzTɘ\\\?\ˇ^|J\\&\\Ϧx\W\\\_\\j[\O\\\Q\-pn|8([\GiW/@\58\rT#V.c\Zr\^KǸ\\~\~OƦ\\,ѮkfP\\\C˘#>\t:*O\z:\-dC=\ze\\ GO{\R\\ð\g>hی#h\s,j[\\y\\nvC_\½zo2\\}W\m;iJ6sgc7\|ج\'\jmu\\_L<\|}.;O\D[$u@\^2ÄI,,\r\RF6Yf\b\'Os.e|m\N\"UjHl\</,\I˪I\'|\b\\\'i,vɨFj{^!~\75}[7\\\'\gR.\\\\\u}u\r/وm26Qm\s)[r75\y;\\7\KO5OԞ\\\\\{:c(\79*g>ILGƒ\\\iG\h\cm\k@|i\\<\v\i,q\G\'\3\\\oW6b\s9\B\\1\\\\ܫk\\/S\\Q\9\j˅-+\v_\}_[\\A\0z\9Q\knA̘\a\jl{~q\\'vϏ\3!\J~LzS$\oȕ\9Ҟˁ\\{S?0ߍa;\6׶$\RO\\\蟧\xUl\/\Sfзxl[l_\\g3\{:\]\;\33\8-q>w>t>\w\TƎ!\K\q\Xt1I\ӂ\Q`x\\&6[\aG?\k\\\\\r6i\\| \}\6=\G\\\10aˡ\v\\I5\HQlm?w,JEI\\xz6tE(\9Ҟg\es{?\Bw<~}\\"}\}\U\Q\l[\66.\\ vɥÎ}+\\Ƣb1\_}.\}\f\\3cIڰ\T\\s?ޝ7ێh{/e\s,qiơ\^u\\\ǓQgS6\_\ӏ.\mf\VgÍC}\\@\\t1^\fu\\BPi\\Bf־c3\Ѣ\n:O_\.ѧ>\"Njo\7\Q~[\\@Z\\6Gx}>T93&zگ~s&֟9\f<\b\c0\:\\\\\q\|\\hs\\\\s\cecLy?6\i96\\?\s\\08\<Q؏CL[ޯ\\\޶l\\(\]\,\\\NJ!\\7Ѓ-b4\\tU,S25\\[<i`.Rrocl\'#-Ƈ̢cs\hC/\}M\or՞^\s~/-c\\\z\jl[\<ڑ몝x\\2k\wO#\]si}i\X\l\lldз~vug\\\FO6H\:՗=OqQ\o9\\Nmtt}>QǸ\\^?\\0\\vݍ([\u\g{;\/\^i\\\`ꋜIٚS\ّ|)m%F㼔Im\\5ȅ5\Bbj\	p>\VrJn\&u\j\\\\m\\M\\rt/6?5],\\g/\X/L\\x&\mH\y\·\l\^\\\sl#-Pw@\\\~\`\\\K71b*c~;ۣM8ovscS\7\l\\\v<F1\2Ij[\mLC?y\Z7\w\\bUMGkw\X2\O앱\\]\)\G)\1;_<7\XԾ\z\x\:_u\\şr޵\ݏ\\\\qޯ1\ni[].UʨyS\̹\|O\?\0WI}\	K7\s,1{7ɹ\\0\\sl\#+/\Oe\\nh\\n\0\\7X\\c0}\7\s\\6\0\0\0@\0\0\0,\0\r\0\0\0`m\0\0\0\0h\0\0\0X\0D\0\0\0 \\0\0\0\0\0\\0\0\0\06\0\0\0@\0\0\0,\0\r\0\0\0`m\0\0\0\0h\0\0\0X\0D\0\0\0 \\0\0\0\0\0\\0\0\0\06\0\0\0@\0\0\0,\0\r\0\0\0`m\0\0\0\0h\0\0\0X\0D\0\0\0 \\0\0\0\0\0\\0\0\0\0\)\~:\\\\9#?\\=^Rχï|\ux\\8_\qp\\\8P=W\s\rnO&\m\	jJ\\\\rk\pl߷ȵ\Z#\\\\\ӝ\3\-|\qϧXO~\<isO.d$o\]7.\)O#9c\\\G|qnvdeŹ+\y\\\\DMj\W#\'>V\\Qx\?H\&Яѧ[d</I\\\2Y_ō_\r\\^x\ӼtD\\,\^\n\z>t{ʧd3ً綽h\+6\PW\˴k6wi9F]>ϣa\/*]\,]\z\\\\\G\vBU>\\ZK\_돇\_LS\\U؞;g\\\ϧnD:{>7zL㯇\\\势\VG\oô!W-9Wca\?3\O<\sc\aGƯ\G\\\mcH\bUm\8vym;fO[O~c\|V;\~s\	\z\6	\"NF\\eE)\\|.\\/`\rhe\IhlrΞ\aٶ@G\$O\%v\B\)Z\\޼۴jsT9ͣa\/.Ro#o\ZSG5c\y0\\\N\I\\\^Os\xSߕo\En|?ǟu.⓵1ef/`b\>d\V@l\\ro#0\K\\.FAqW~|r\^\}\w3\sKeCcCS\">i\\*\\IΌ6\\ӽXOzy\F\\[&t\0\\\\}_	Y\\\2M؈\v	5Db_/*mv/\0\>26k{\Qݹتצ\\<Z6hq1n?ϛ\,jc\/\Kקoz$*W[{/\i;&ng3\ڕ\\7\>W?f\\O\/\?֖U\81\Q\q\\\\p\G\k?\"\ƼS=/վ˛nG~\혾\1䚏\ӵb:-\#_\0\\\E[?\\Ĩ\\^>\B\\dkVl\	\-a44\\}\bZ\Jvsٷ\c0\ŷw6<\Z\\}n\McNA\\\W׵9$\\ƒ1\lo\/Wі/F}\mJ\~X,C{!!\^\k\oı\\F/b\S\K~\\p\\ \r4#r\1<)_\\fCFƘ\P\\\E1v)oO\R[@\.ںL\|\,,	V1rD!\\\\:moG\:k_0\}\\V^\\ۋ\6\\yn\\ț\\_x[c\寿\\Rg\\Gf\\\\畘Ҧ\?\\v,\nm\\\`[-ׇ\W͛\p}2\\bc<2\7\\\\gs{\׶|\ŌQgqq鶻6퍱՞\\\\C\\H|;\]༜Y	\{\Z\}`<-[Fu.fٶ\,\B1X\0\\E-nm+\Ǧ}v1X#f\>b\tFצ͡\L\\\NTl\/ֶ\y3:	\Ɩ_\m?m\bIeJ}\\ȿH\\X2\^\\Zǖ/\r%>q)\\:\~\m:я\\ώ\\4c\?\\gc\\2v\-\,:\\\+\w\^\2\Ϛ\w9y\1\\4^omg$W\veN6\\\\~	\z\r\g\ܗ҆Ì_=\g}ޜO\E?\D-^ϓ M*{\O:\Q\'gA\^x\Bf+PZ\~7\	nb+:\R\-\nZZRq^|.\\\\\'\@-\\<\rW\,\<՗2üYLҷ._|G;\u\rʿ~LXc)`\\\\\\\ۼo\j\\2ޗY,:\\9O[s^K\\o\\}8<6ҽahT\\ӫ7\OV\\\9\9\\\\y~.5L׾yRmq^\\چ\\~B\\\ptq	peEV\f:Z\\v@+r+q\0\0Xm?\\\l>Q\\V:\\0\\\n3zRƼ\Z)խ\\00\\0\0\0\06\0\0\0@\0\0\0,\0\r\0\0\0`m\0\0\0\0h\0\0\0X\0D\0\0\0 \\0\0\0\0\0\\0\0\0\06\0\0\0@\0\0\0,\0\r\0\0\0`m\0\0\0\0h\0\0\0X\0D\0\0\0 \\0\0\0\0\0\\0\0\0\06\0\0\0@\0\0\0,\0\r\0\0\0`m\0\0\0\0h\0\0\0X\0D\0\0\0 \\0\0\0\0\0\o\\\ݟ-s屾;ǧ菝rrtx\\\\\!\i\\~-\\9\\'\\\7#2}\\dnC!qݜ_\kO\LM\\\\\\|\Z-\\[\ǵl\J#\\uN\dm\\S\ì\5)2>u\繉\\\\}}\^\It\\\rA6\Z=Pd\{O\\|\\?|w\_c\\\D6ӈ1=1w!\\3ߺ\\\\tu\s\'q-p\9\\\9q/>8>.\"چAܕ/Nݢq\\,\5H?\Pןpx\6~\no{1Iƛkvy\S\\O~M]\\?5enU\\@%\\O\8h\"\\\\"\d\\yX\0\p\.O\EB\7 \v=\\\\Se\Q\kGi\g<\W\\_*1\\\Tm?<+o~\\$\}\z?UƗR2\\;Ts߷qW\\ÿ>Gtߙ\\\\O\\(b~\\s<G\n\erǵOv\\[{O\@;nl\k~Z1\-&=N\r\~\B\]̘\f\+X.?\em=~j\lǬ_|\uZ\}͵Qәٶ\l\7s^r\9#\n\r\\\\`\:\q\\ַ)OOS4G\8{jk\\\906fc˗G\dC\'\Zk\#1&\'\\L\\@\rk!]\䤔$Nn&Mƒ\\y3\u\(	Wt~i+d˘e\f6;/\xZ\>G],G\x\\_?Gݾ˃yT\\i\XjeR6\ٶNY0bܳ1\|z\\$b]=҂s\\WqJm?\ǗS彔\ʻ\Ӌ\%.k/\_h\\\>m\!m~\m\{\ۈ\\\/\#\1`c\Z\f\8L\z-W:\m;6?9O\m^-\̏\\V\1\\\z@\W\\\P/\zq\_\u9<Lm%;?\\پ\;a\y\\\j~F}\Uc\!>8\yk\8\\|_	Zȝ\ܡ\%0˛	?C\i>Q:A\\78R\\oĻtz\zn\=\MmJ=\\՟͖9>~9vԨM\\oWulʗԫ\\\^틍Ǳ\l&Gڮ\}M\L?\\$\_\\\x\q\2q\3i[\\;\e\{\\0y}>\\'}/`\\1mbĖ铈y\u\1\/\\]\u):f㰍xm\\rr\?Al<\21Owa>ŧ\\r?f\\v6se;\үm\昌eb\)HN\s\~=!\'g\\\tBKRRj\'x\LGk6<S]w\tb_ZݭN.:\'\\x6WoCO-<]Cl\c>\ژǕ\#\Q\7\-qZb\\[Ъ6\b\\\\|_>Nsߎ5U\5c\\\B\\\n\\#}/\'Ʊ\ƺ;>l]n\拉\ŝ}-w}^\~\\x;IW9\v7ǧ\\>\#\\gG\^dԆ9\\\z\\z/b3\Z\<t\\La\Ώ3\Ώ\\\'k\o\s\N}n#\\xKN\\\E[\p?L0ަ \,\\'\\\\0ѹ\Ǹ᧝\~2\g8LH7\{˄\Zߍnk->)1};\\\\\\m\6G]ݽ1QZw\"\#q9\{?\\Z\\ۯ8\v&cbnh\'\7\}1rvt\e]ڿ#y\>lډ\7\bs\m\r:\q\f\\'\8r\כ]=?^]##\u\璗I\;&}\\c\c\wrќY\\\Z	\\_e\LIKb;쩃\@\6g\\`,\\\\`0-㳎\ni{\g\|8g\\c\=sڐ\[\\짙\\x\r\\9m\엉#\ֶ˚|o\o\O\\'\2~t\+\o\v\Z\!.u].=6\\ZV\\q\:\\_\x/ד6\qn\\1\\\\8\n6a\}\O\\\f\\I\1\Z0Wg&\.yLe\}\\t\\s^r\S9;ژ\tk\a\H1B\4y(\7n\?\\{\ g+\S~\r_ƙɏn4L\_\r;\'\\|$;	Ve~N?K䞪\>R\\\0\Z;;mRg\\C\DODPrNBAcH\\\O;Ql;\	>IM,og\\\0w_\k[i>\2mo\ݖi)^\۱\\X޷o\\qxq\m}\5\W̸\\\\\+\\\9f\\'B,\\.֏r]}\\91S^3y\}\\rU(m\\c}L\S\\\ϗnOŝr\O*^ݦ\\\(\e<\\8$W9*؜ֳxĿhm\ۘ\tv\\pd#\%?ٖk\\:v\U=NU\pԼ\\5՗]\*7v\r\\#ɿdsԧ\i99\'\ ,BuC\\\\\C0\\"\w>%ao0p\\LeD\\\\Z6G1[d>^|iȅWY0pD\6\\\\ڐ\'3y4\\\ˢ\@AGl(SW۬ի$=yiEK|Ƹ\tg\<\ž\i\-h\0\0\0X\0D\0\0\0 \\0\0\0\0\0\\0\0\0\06\0\0\0X@O-\k?\@哈\\\>zk7#\\SK\0\0\0\2O\\\p򟈸ȟppkG\~X}k\r\0\0ೳh;M\S˩\?7N%=hTT\0\0\B,\"ڢ(\+N}\s]O\_˾I\\0\0J_M:uzZ\\)!UD\Md)\el\n\\\~;\|H6xƪ\~M\Ξj7=\z4GT\WU.įYnj\֯\n\0\0\8hE,Hh(%z+ B@\*A$\"BݕߟM8{U\8J\I\[P}\\>\"\"\&\\0NYK\\_j3\)\|\0\0[9h\"%\7Māze\ݟ \r_&j:A\b\g\\̉^\8;\0\0\0އQT#s\)\\\ݲݟ-+9\KmX=\C\כ\\\Ef-9\Ǘ\\=\\0\0p\"\r\w)ZdݕtO}\'j\-\KŪ\yvԎH~r\\f\0\0\0o匢\m\Q<\0H׋O\uy#p{Z8tBb\HxXd}N\5	VU3M}t>^`Kx\r}Puc;\\Zwxp\_Q0\\0\0\8듶\"L\f\"\Iğ HB)\\_e\(DԽj\|1]F\"x\\\/\X5ڷg[x}\KO\\u\Փ}>\y=\\(\']ڏG\\0\0\0{=\nׇC\\0\0\0D\\'F?KO\x	\0\0p \>3\U&\r\0\0\A\0\0|$?\/.6\0\0X!*=]\o3\A\0z=$\\\\Z6\0\0X\z~\)\\\_D\f(@\0ȫGT-\Vר婜;r\=ReJ\u0\\q7`_\C쵿i6}bh>f<{%\Lu\+Z}4R\\\\r\0\0\EF}ן\w\DT\\^v	\EȘr\\b,\ӿ$ \Z3t\G\o\um;/\l|\ؓ\\0\\0\0ET<I8A煍+]>)V\\O2\	\詔\'֞IR>\\\:5]3\\\0\0ӄ\\\\'#0\mZ$z\\Rz\"՞HS9%t\\\\\]ğl|\E^\bk\0\\0\0\ÃcS\LY\c\\\nCa\t\_k{\QW@a\\pim\0\04Q\AR0O\"lFb,wKS9\i$v\\O>*\]ݞ^\\b\X]Ɂ\ė\Xra\\0\0K\\鐈(DF\\gi`\e=Y\\\\B\S\\=߾kϟj\\Qȩ{\H\\O5(\|[\n%D\:@\0\0$`6\0\0\'=eKOkH} \\0\0\0\U-Nm\0\0\0\0h\0\0\0X\0D\0\0\0 \\0\0\0\0\0\\0\0\0\06\0\0\0@\0\0\0,\0\r\0\0\0`m\0\0\0\0h\0\0\0X\0D\0\0\0 \\0\0\0\0\0\\0\0\0\06\0\0\0@\0\0\0,\0\r\0\0\0`m\0\0\0\0h\0\0\0X\0D\0\0\0 \\0\0\0\0\0\\0\0\0\06\0\0\0@\0\0\0,\0\r\0\0\0`m\0\0\0\0h\0\0\0X\0D\0\0\0 \\0\0\0\0\0\\0\0\0\06\0\0\0@\0\0\0,\0\r\0\0\0`m\0\0\0\0h\0\0\0X\0D\0\0\0 \\0\0\0\0\0\\0\0\0p?\I&@\0\0\0\0IENDB`','png','2020-03-20','nonTraite'),(17,60,_binary 'PNG\r\n\Z\n\0\0\0\rIHDR\0\0j\0\0\0\0\0\0$=\0\0\0sBIT\\O\\0\0 \0IDATx\\w|TU\?3eJɤOz!\J,\uUvW\\\GW\\*\\\#*HIK@J@HH6\$)\\dz\~8\x:\3s\w\|\\s\=\0 x\\0 T(>	A\A0@$L(>	A\A0@$L(>	A\A0@$L(>	A\A0@$L(>	A\A0@$L(>	A\A0@$L(>	A\A0@$L(>	A\A0@$L(>	A\A0@$L(>	A\A0@$L(>	A\4\hjkkV\}T*D7,\\W^\0\G566\\oXh4\Z\\\F㏭c6{zzJ\w>\\\\\\\0\_=\r\0T*/\\\v]\L|\\rD\"XBJu\ʕH]vw&6MRox\!===?b\/\*--e0\\~\\\0\ZF 2Z6g\\\\RH$\\n\&\]@\"bbb\T\3\\\jkk\ju\v\ܙ-Jsss{{{\z\-\0\\p\\\\\9z\ҥKl\\o\\t\n\`0`kk\\\dIIIrrrSS@ X~3gD\e\\̙\\\+\\.\SO=u%K|\7\nbɒ%&I$\\rk\0F?\n.\\\0a\v\\}}}K.mll\\\ͫ^|\˗\o[K5-3FGG[֕+W9r5//oɒ%<o\\z>55\`0x<\0ŋ,X\\N\j\\~\\\nEoo\O<\\\/,,\\n] \\\\\\q:+WLJJJKKSTb\b@ p\}I$\\p4\Z\r\L]v͘1C&?1#\ΝKKK[|\狌dX\\ݹ\'NHMMx<eZ+~\\\taX X,l6FA\i4\ZNg\OO\0v=t\\\r\0@BB\\Zt:}||\\V\\\`CG$\\\\nB Dbdd$@|ᇙL\\CA~т\\Jj\;\\0\j\n\x\\\0p[v-JU3E|bt:]zzܹs;::\\\|A\.H\\\GLL<\\\vm}}}WWWdd\]w\u\\\R\\00LqqqK.=p\ƍ_xᅯ\ܹs>\\g5Lv=::\\v~\\NPF\UΝ;\_p8\\1\-\h\|\Ç\>\\5kV+\\`p͚5\'O\\\\0\\\\r\]\\nذ\\\T*W\b\M{X>}\\r=\\0)\\\<}tbb\E~\Z!8O>\kVTT\bٱc\C=}k\6?>\#\!\\[ܶCn1\\"##7>N\ሊ\"n\k\\0\D\\r\\\\'ą!\K ~%o\\\ҥK۶m\l\/\\oXx]|w\7TA\6a\***X,D\"D`\\\\\\H\,\\b\\\f	\jZ\!Ϸp\B\@[i\\0a\l\\\?q\\\\\\'|B\"^\\}\W\\\8 H\ݻk\.\l2>\\=99o߾k׮UUUaM\\0`0\n\\\ᔔ.\\rKJJJKKZ\\ŋ׮]{\=>}\Z\0z\Ç;N\裏.Y\\@_\\">xT*ZR@ 466Dk׮EGG\\<\Cp\}\7>>n\O:522\) \RUUQRR\\\\q**H\"##)\劎\0H$\hZSSSz\\\\0\0He2\>hz7A~=?>FFFzzzVXSFy\+/v}\\?c\\A~P aB HP| &	\ aB HP| &	\ aB HP| &	\ aB HP| &	\ aB HP| &	\ aB HP| &	\ aB HP| &	\ aB HP| &	\ aB HP| &	\ aB HP| &	\ aB HP| \X,\\\j4\Z\u\B\l2nX\t:\j\\\\tn[\ܤX\966\zl}~v(>\{l޼YP\'OܰCT\\򚚚\\ɭ[ޤX\\\\\\\ZF~^\\\0\\`aaN\哓˖-R]]]4\Z-//@ DGGk4\\\|\0\\\Z\Z\h4>\ڵkyyy\{/\0 %%\ʕ+~\r\@ii\\P(qqq^FQT\0@WW\\\\Ζ\剉V\0\j\lYt:\\Z0\0,\\ֲX\\WWW477TWW\\\=\Cl6;\j8v\BIKK\hUUUV\_\###92::\\\\o2jjjBk$\׮]\\\ٹsL&۵kH\\\\\r<..ði\߂\Aa\'333##\j\\rh\\"ј\\r|~tt4|K\\\\"##	N\'H999@ 3|\M&\d2\\t:@ DG$e2YYY\\Ç`{D\"q8\\\`08};\\A\\pr\\V\z\]^^\W_\₂Lf0^\hZ^\O\f\\\8v\Fs8\0\\Ȗ\_((\n\\p84\ZZ\\w\ٰaBa2N\\0\0p>pI=\\ONN|$\\GDDL\"h٨T\\2\0\00\J\p8\	!8\0`Zx|DD\\	\0\0\\d\\\0Lݎ\\\\U&\\K.\pe˖M\>P| \H$:BLw]\0\0bFFFNoMP| &\ H0\\\\oX~\ҥo/	^yfP\.(>\|,\Z\\0p\NS\z<\\N\'\a\\f3aV\f%V\喕\\i\4lAn%<\0t\\\z-|\dJIIپ}`PT\E\"\\\\\0\r\{\mjj\\\{\WB\qys򫓑a\d:v\جY1#\?<y\\\\ѣG6mڴlٲ\{\6\(>\\۹sgFFN\\\VT\rW\\x<\޽{\\\\ٳp\˗/;N\3\[A\'/r\q/N\\\mkk\\\\.755J\\\XB\\y\MMMJTT\\\H}}}ff\f|SSS\5St\An\\\\r\̙?\\_͙3\\[xP| \-al@ HP\) aB HP| &	\ aB HP| &	\ aB HP| &	\ aB HP| &	\ aB HP| &	\ aB HP| &	\ aB HP| &	\ aB HP| &	\ aB HP| &	\ aB HP| &	\ a]\\nA\0@ x<p\\{y<X\ZL\yA\	oZ].\\WO\0,\j^\v\{_鏏`0x\\\J\\\\\\\\Z\n\?&~:55FΜ9}\内\^y<\\\[[\0hooپ}V31zð\ppp\_Iܰ?[ZZ:;;\^\0`˖-jL|\\\\\e˖\q\|	\5\b\0	\0D.kxx\@\0\0`XFc\\IZ^\\\az^\\zN\h\0\02L\\0ZJ2\\0\0ͦR`@$\lP\n\\`\C\\n\nH$^x<dH\hB\#G\"\"\"/^\v}ъ\{\\\0FFF|>\0?<x\ϟ?\YV\&\`0\\\\l6\\Ԕ\n7L@@.i:N\"x^T\r\0\0FQ*\0Nr\\7n4Lfy||\0\\Z\h4\Z}\\+2\Zk\nX%X\t:\'&&\B@a\\2L\\\\H\Zw\\.KPJ\0H$F\\\\\\ߺMMM3f\\0\0\\\AF300p\\\\^v\oimm]`^7\ZU\9z\\t8n{\ƍmۺ\\ʄB\\͛{{{_z\%Tv\ZXq\FBqa<O$ϟ?\\\\b`<UWW\jJeZ?\K.m۶\r\\>\\t[nX,qqq@$iZ\)\x\\r\z\<>>yfټ}3g\x<\?\0\311k\.\\~\̙.\ر\ރ\h:D\"Dbee\={\0\x<Pn\:Z\o\\˗/wtt\?\\.VU\\kll\\\z\wZZZ\~áP(\s\\L&sϞ=\\\w\u\޽{^pa׮]O޴iD\"\\tx\ȑ#H$<x\\p<\c\7\0L\|Mccc[[ۓO>\\\-j\k:\\\0\\\\\pL&\\\'T*d2f\ҥW\\!H|>H$\0233\n\n\0\0>\W^\\\\\\x<<\^\\~;w\\UV-\\0##FQT6M\"\\;\f-\\0;;D\"I$ŋ\\\r\\\ٳ\Νk6^\/\Oj\\\GDDDGG\h\;++khh\fEDDr\\.KPrrr\\\SRRp8\\[[[YY\\?7\\|>\\\[RRbŊ\\\s\.[577Ϟ=;33H$\l\"C \0\0T*u\\\/---++s\]]]<@OOOAA,X\\|~ZZڌ3\\OKK7o\)JzzzDD\0eΜ9EEEx<\?w\LҬ\/Z(//o\\VҥKiii`D\"\s\=\\\n\\rT*\̙3~a\?^xѣG\\\\\\\\\\rM\\o\\\Z\\\\x\}\\\(\nX\\^^1[zѣG\Z\Zx<X,\0D\"mذ6\෴\bZ2\h4\l\\V\ƞ\h4C,\\\\ٳgllL\x{\\\`F&N>=66\vN\\_=66+\lnmm\\\\d<P(d\\\\Vvv\\r\\t\ZF˕{\W\\\|>P\p8\FAAAUU\\\`IIN\'V\0PZZ\_\>R	\00\ܹs6Mպ\\W\\\:uj``\;\\d\!Ɇ\\GP&\'\'5\Z\j%%%ǎbx\ʕ\|2\^Ng4\Z\\\t@`޼y2L&\\r\j2\5\ZM \靝f\\ϙ3.\'\'\\۽{\\	\->̐\6 ^ogg\\.\YYY\0v1k֬>\5{\|T*=\SO=E\\N\\\AX\\PP \###u:]tt\b\rJ\fST\ru:]JJJz4\Z-!!axx8>>>::\Z\0LfLL,\\0>|r\g\x|ddF\rQQQ\"(66V\\\\MLL$\'\'F!\ng̘\t:aKll\\\TllZ\\Șr\4\Z\\t\\\\H\0T*t:=>>^ DEE1<\\\z=\U\\\\\n/$	ɴ\\111f922Rד\dx\\\pz}rrV\rt:\0 x<J|>\\\0\0\r9D\n\\r\h4!\\\Ҽ^`\p8V\\\xD\d2\\\RRR\n_z5\0`dd\\0V\'\5\z} \~8@ +V%7\{cbb`K\v\޽˗/e+Eڳg\k\n3\a:cG\ aB\'	\ aB HP| &	\ aB H?>\\.5r\7̯r\\\xn2m\p8\=\}}}|^饗n\\f}\?v,@\[o[,\{\{\jkkΩ}N\\\\oL&\0TWW1H\sݡye\\\\\Z\Z2L18NHFFƦM\mbXކg6Ri\\u:\\\F1\'\'\'::\\www\\.P\\7\\㽽?q\"?3\t:ϝ;w\J\\FFF<(\n7l\d2D\"\瞓\d\?<@\oV\}\^xN\9/BV\h\\R\0\ۙL\\/B&]zuǎ\0\0^\IRiӦ\'xB LLL:tH\"dee\t:4\'\\o\\\\\\.̚5\])J p8))),+22\f%&&\\8f̘2k\,P(\ϟ\ԩPx<>55@ TWWZ,V\\222JKK	Bnn\&&&z\\'N\\\X\\V^g\*J\"H$҃>x\wS\i\QrPTr瞃\\\ι\\\`0\\\nw}}Zr\\\\J&\\vk4\Z٬P(|G}tqѸgϞPR駟&D\"q||\b\\ֈ\o0\j\b\n\sO[[\j\l>oǎl6nxx\`0\80\';nZm \0\fŒT*9trr2\"\"\">>^&q\`0h\Y,\ba\f999YPD\\0\zכ\0\0ZF1..H$J\t\\t:\d\\\\6-55U\DDD0$\l6L6ͱ*\\\= 鏏	5^\\c0?o!&	v\\r\?\mRL\ P(>	A\A0@$L(>	A\A0M|`\t:=\\	a\\\x\ߞ\z^~\N\;\n\\kZ\\>\\r\d]\{gl\9\\g\\.\\E~&\;r\_鏏@ \g]vmÆ\rF.tݵ?s\\]r\\\\w~z\v\9n\\[[\\\t\\'&&\\\/^x\ҥ\DMп\\d2\\\{jjj`(D?_\v?\S\\\a\Co\@ \rFcWW\\\\MMM\I*D\\\ι\ߦx<^&eee9\\L@\0\0\\4\Z\r\}0LHHP\\\\\\.WRT\\I.\xzzzL\\n\;\!~<&&/::Z.3DP(\\\,Kww7\\N?&&fbb\"\"\"B*NNNFEE\r\r\rEFF2L)\xarr\\hZ\/\\rV611166\֥RNS.\\\|\F\+\nrZ\\?,]F\0\jJXp\\\F\xpTjZ4\Z\\\\\\.\\:,\0\9\\0\0 \0IDAT\\\\\\\pVU\B>_n4\Z\\\t:\`f\KN/&&\ݣ\j\bX,^l\n\j\]z<&&F&MMM\\YfuwwDX|\HRLBP4\Z͌3`<\\ȈR,K&	¤$PRzzzg͚5<<\\\P(h4Z[[[uuyx\\7Ck4\Z&9<<LӅB\\\DRR\0`||<111wL&7seJJJOO\ሊ2L===l6\`0\ǏK$>1::*\\\\F`\r\0\0\\\\GGG\\Rp$Jz\btoo\ܹs\b1\\\j\n\l6DGGX\h4LQQQr\\$q\\\aFJ\m\.\\8\_M\\0<ϳ\>g{衇Fc(ϝ;\\5\Z\\\duuull\\o-H\Z\Z\Z:;;E\"\G}888\0\p8Gx<\Ν\h4\0\00>>\\ҢP(v\\m0z{{B\+W<\\׷s\Nw\\5\0\0N\?a6FGG\nwee\\\^߷oT*=y$DMbR\\ܬ\\:::T*զM\z%IGGG znݪ\jCMM\rɌmll\\\7zNw\b\0\0:\\\			A \\0\j\\.?v\H$\"UUUpv\na\\\^OOO}}\\\L\\g|755\z\x\\r\\'7ٲeBؾ};\0bTVVY,L\\\ J\np\0$4<<LP8fsrr\\ƚO8100p\-.\\\'k׮\\道\UWW\\\H$d4\Zm6\ѣG^\֭[=\{\\`0B\V]]a\\mjj\\t7nTTZ0u\\r\ݻ\\Q(cǎ\\ǟ8q{Ϟ=\\.w```||\\_t)22211Q.www766z^X\\\׿\l6oݺ\\Ң\\\\\\\.\\իFFF\jH$:y\\Xn<gt:}ppPT:\\\.\zPXUU500p\>D\"\ر\b<\R\===\ׯ\lK&|\0\mx<@ \\\H\\\pBM\0@}}}TT\\\\r9JMJJ\"t:=--\\\\\%%%-]\\\p(\"\d2x<\0B\x<\^~\cǎ\\r6DEE\%Kսۇ.,,\\ͽz*\%l6`\\\:u\n=4\ZH$X,\n\\񲳳ac~jj\nǗEDD8x\ZFPf̘aXTjDDD\\\\\\I\d\0\b\p8p\\޼;v\\t\0\\/..Zd2\obb\"}J^ooo\\ٳ\}݄\\ܜ\\\j\\ɱt:J\I\v\l6{\?8\0@&a\d2\d2ܱzN*\\\\X\O\L&JP(\\\\Z\\szz\r}d2977w\̙mmmIII\͓H$<o\\999,F\nd2sssg̘a2\d2ɄTTTTVV\zA \\\I$RnnnYYYh?\p\\h\ꛀA\\t)>>\;\\Z\Zz999s\́\r@ @јLfLLB/--X,YYY)))4x\\l\&IRccc|>|ñX\\\y捌\\\12裏\\\eee\\\\\\\ٜ\?8###++\\D3\2q\T\n\MMM\\ݰ\\$\r6\޽a޼yZV\+\nF\f\֭W\\Z\\\yyy\\\}}}&	\0\j[ZZ<E\\|>?++kӦMl۶\\'??_\&&&}\7]]]\ׯ\'\\Ν\\@\\\g\^|Y$MNNj4\ZR	?Ǐ߳g\\hnnNOOz2L\\Z\Z\\\\'\\rVv\`\nl\0\r\\\.^\\\]^^e˖{\Ohoooll\;,KOO\\\(l-T*\0\0BذaCssJ\\\.\\\\^\QT`\\vwuu\رkjjΜ9\bZ[[\\[\n\0\0g̘q\ԩ\\F8פ\\8v\XZZ\ƍkÁ\\I$Rcc#쌀T \'\'\\?x`mm\%K&\'\'\nS&v\\\hL\\\_魭V\nl6󝝝*\nNO\00L\9;vjZT>\\\{X,\/[[[Vk{{;Djmm\\ccck׮=r\HGGGFFFooFU\\\^N\0HKK;ydKK\\\R\jN\'&w\\t\\\w\\\\ \\\\ؽ{\\.\n(2\\\L&ԩSJ###z^\"\\\\ۢnv\\tZ@\;\\ZF׋a\\\h4\\.\\t:\k0s\v\0\r`\"|>\B\n\b\!\8N\>:\jl4\Z\n7r\\v;x		\\`0+JR\k\m\la\\Q\	\\v\k2`5\\\\v].\\q8v\\;\r.|*\nl2`0`\\C%J_h0\nw\Z7o\Z\Z\\6|\{\t:m6a\r>믇\ျ\Z\\z9<<ܽpah^BA\n\\\\3C_V\jX`\\"\\IpU\\5\z\d2LL\uU*a\f3\\޽{xx|\\"\B(\\ͅx\i\@\700 \~\,~֬Y<\\d2|ЙȯM\\`||]w\Oqnz\j\0\0\脭K.N	Ǿ\wnf!\K$o8\wf\_m2\S\nϲ`\\ë7Z nGPnZ즳a\x/\nH$\"\\&4\G$\]7\\v\0?c/\\vi^\2ujj\%\7d\\˗\\պe˖P\ƿ\\ݻo؊\Ǐ\\\|߰pgϞ\\\\\\\ӧ\nE\Oɴe˖0*ð\\Μ9sã\nb˖-߻ƛg\ŋa\\\l\/BVVVn\\~\?\\\\\\w޹v\\ּPO>\\#\\\߰ƾ\\\\\JDs\\2FFFl6[qq1\s\\CCC[;\Zs\b&\na\x\i0\r9\\Zu:\\\(\0@*\\z\\TTT멐\\\\tk\Z	\0L&Z}>F\~?NNNz^J\xt:\\\\NH$R*\0\0\\hNVJ^\\U*\`0~P:Z\ҥKq8`\&IVAxV\\r88#BP*\\.w\šZ\"\0F\j\rF#N37n;\\p9B\\\0j\\T(;w\:FX,\0\0\\\0HLL\dH$v\n[,\\n\γ\Z>744tP:\\%\\0fy\!˵cǎz\/KLL\\\\\\\Y\\u4\0@FF\aT*\N8{\ؘ\\	\\nH\r|>ND`ڵk\'O^N\'\ǯ\\2o޼\\H\nV/?x:>>;F#\3|bz^*yC&=z\~\y\Ѩ\hnEi4\\\\\`0\#G<\"##1\\v\ѣG	\\\322:;;\v;\۹s\'\Z\\\|\I<___\\rZ\0a*jpp\V^\r?pv}t:}\\%%%ZVR544n޼9%%%55\;\\\\ O=\c=理\7\}}}v](Ι3\\^#ɍV\W^y\\'$%%\/_v\\.<l޼N\\\|>DRPPp\\!^\ܹE\0gϞT*[ZZ^/\ljj\\\|\wrrr\\\V\\\\\\~銊;v^Ƭ,\>S\v\\\駟TUUK\x<\\_?~MMͪUH$\\\ԩS\\a\_\\pl\R\\\\|\\EF\\\\Z`+BR@}}}AAACC\f\EPT*\linn\0?~\\r\\\3̚\Z\7\,X\0Ý9s\\t\ڵ\\i4\\\\\\\\f*\t:O:dɒ(TZ__o\ccc\\;99T*VkuuP(LMM,UUU?puu\\Hgg\'@x\ȑ\\\ݻw_~\buww|>EeX6m\TXXm\6ؗl6\tzjjj{{9sD\\.\g\na\\ի8npp>HLL\?	\\쌈x<~\Y\?VTT=zԩS\\\CCCw\}w\4\f\0\d\rbbbf̘q\Ŀ\>,X\0beee\p8qq[RR\x`OOϜ9s`zz\ի\fszz\ٳgxq8\ɓL&\*\*..~\G/\\YQQH$8<\[f\rF\\\\\x<\b\\Yf{<9s\T*\naXMM\w\QZZJ\"`sL&GEE͝;|rr\{\ݹs\\_]^^\vjlڴ(55^Xf\\~P=x|OOOQQQii)a<H$FFF\E-[LT.]c޼y۷o\Z3g\0X\\衡!x¼p\BBBχ\Z5k\̙3D\\ӧsss\NDp\B8}FF\\׮]+))\h4\s\\\\\˗/߾}>ZWW\\ǿ\gώ\o~#==ח_~y\w\{l6;;;\jfdd\\`0\\\y<JXt\ƍa\\t\BIHH\h7ܐ_QQh\\"88\\x<\\\ŋ6\\a\)**\{\T>}N\\˫뮻\jP(\\x={rrr\\.F3k֬\\J.{dddH$\&j\)J>f͚\!;\\ZfMMMG^\ҥK\\\\c~\s\\\\\\'NT*8\\uuu$;;\0p\ڵ|P \ڵ:D\"9ԪJ~\---\"hݺu\0\ry\\0\\Q \\v`=p\@CC\\\\p\\\\'N\\\\\===\\n^\ɓ\w\\_\\\[VxD\"\hO\_\\OհZ+L&?~5//\\/\c@୷ނC\\r\j\\tEEE<pAA\\\^\\\<JII9t\\\\\\\N^T*m6\\\^#\ZN`\\\?r\Hmm-\t:Battŋׯ_\\r\t:Ù1cƉ\'Ν;VCCQ\0\0\'N rXvmUUUKKKDDDSS#,^T*uݰi\\\\\\ꫯ:Ζ\\óQF\\\LP\Ah\fxY,\d\fΜ922\\`0H$Px\\1\f\\b1|V%}}}\zx<Ba2\`Y86o\\---z^\\\vSdO<DGGGDDDggg?\<}\I\\jjjg\Z\Z\Z\\\cXp\MGG\\\2W^\n`1cBw\<\0@ Xn]ee\l\\ `C\pX	ݞ5::\Z\D\"QBB\\\MJJz\jZ\0\_\\ΦP(\"@ \\.H\d2#\"\"T*Uvv6\Z`g0233\\\C?\\\\\4\Z\rL\\\zzz\n\n\nFGGGrr2\\r4\Z-!!H$Κ5~oܸ^\\\C-y<<\#\"\"\juvv6H\\\\\\c2###D\"1++\d2\\\0 ᩄ\\gXplVeX)))\\\\4\Z---M*\\\\oXत\\H$?+SSS\d^7\\b\j\+((\d\'\'\'\0p2{[\nGGGccc\cCD\"\0tttx8J\\1\HJJ2L$\\vgff\r\r%\'\'P`u\\.)\0\G9|0y\l0\\pqqqCCC_P\\\\\\LH\\\'&&Dr8\f([_J\t1G׻\\\\tN\p8g\j\\\\\vxOzz\\\j-,,\Z\ZJII\h4S0\Z\Z\0\\.\J>\Kh|IX\;\\\\Ѹ}\0!\\{ݞΞ={\ĉ@ ^\jn\*\nM\nۦM\E\gϞk\U[[۾}~\{\\[\o\\\n?}P\\rocss?\\\>krlԴ-7\Z\"HV_\x<؟x+\\loo\S\.	\0\\nkk!\Z6緷K\"\\\0\\\\\\U\\oR+\r\\\\n\7\\ھwvNo!B5\\\]ϯ9;\T*\fOLL\\|\'5<<l2R\\Z~}1\\\rR\\k\0\02:\\X,\\7Y.]$::;ǿ\\\\\^988\yzBa`\톿y\0 \]m\竩~\r9=\SfM\\b\d3\0/APX__w\\\\\{vuu\r?~\\\ܹL&_x\d2*\0/^;cbbm\VTTt\3g^|̙3|>^!nii9s\\U*UUU^	9s\(\\FLFP>ÊݻwGEE]x-\"\"b\݃s\\\0tvv={J\/|>\\}\Ŧ&U[[}eJu\ҥ[\bDbنO:5>>>>>>{욚g\\\\n߾=77^\%%%n\ٳz>++~jjjh4\f|QQQNshh`:u\\?~|\̙\n\j>\s<3gLf[[\\ӧ\\\w\\Q__O \\\\lRH$@\0N\\\'s\VUU;\\\\ڼ<R\9gΜ\\\9s&\0\0ؼy\ŋ\\WWW=>>\\ݝ\\\t\٤$B1<<\bl6[SSә3gy\8+>>\>\j\GYnN\'\Νt\Rnn\\\Ĺs\\\\h4\ɓ\'V^\\͛\7\Dw\xb^^g7??\\\>bbbॸ]WW\t:|O<Q[[K&~ixuff&~\\r=\3\ʕ+\\ٳ<oΜ9.]\r\\\Y,@\nu=::*ɞy\\Zu\֢\pg2m\\8q\d\\\\\Z\sP(\>,\0@\\\p^nhnn\x))).\{\С2%J\ţ^z\\ٳNKK\\fͺ\{BaooRLMMZp\rx}\\'\0\0`\"J\\mNV~i<u\\\\RB \jpg,kѢERNue2)W\0\0 \0IDAT\lWoveeeBB\ܼysaa\\\TV׮]\ᆇ\MR\{$i\WX՜\\766*G}=x\"L~\\'FcUUUQQL&ꫯ\\\WX111\\ޞRJ%%..nݺupu뻙+W<y\޽{WZU\\\\VX`0\\T*Ζo߾`0x`\\?>H$\Z\ty9\00L&I\H$RDDDvvN\\3g\T*\b\ㄷƫ\j\\Us\A\K,	\ܧ\\p8\\ D,(++\00\0\\\q8\<p\Z5k\\0\0\"\"\"BzWRR2s\̧~z||J\i\naÆ>\f\xX8)&&Jj\Yf\}\pJ\\~TT\}\\IÁ+5jv\\\n8KӕmSv;\0`Ŋ?xff\狍]r%8G ^}\\\ឞ\8|x\o0J\3\]spHXl0\\yyy+W\\",νY\\pl6{͚5l6[ \h4x\$\\\'>F-Z(###P(X \0H$\\.\\fi4\\0૿\\S\@ `4\Z\\kX\0L&ST˕j\**zI\Ng\\0Z\.\\\\\ëVRTUUU\\\\\jjj\\}}}Y֤g\FDDLMM%&&&&&\ZFu\/nذí_~\\n;--\n\㗓\/FDD|\G%%%~D\"ao֧~d\bŊ\\\^x᭷ނ5:\0 66v\٫V\0\رciii3g\\\\\0\0\\z\u\\1aXuuu[[\\˟5k\LLLx<8\***Do&\z\>\â\0\0L&\0xSOtttqqK/\f\~m\"h6V\l...>~8@nJLL|嗣\\K.m޼H$\d\SYYq\Fg\`g8q\\-++\\\ \\\D\"\T\0|fo\s\=\\\\nd2\\\;\RF\{\=y\g}ofy\7W\\	g{\Wl\b0cbbx\	\\"##\'&&H$w\nR4\ZMEEŵk\\\\VXiӦgyFVgdd={B8\\Q\n2<<k\H$\\\7ʫ\n\'\o+[!1x<ӟBXUUU/^\1͟~)\\r\\\\ڟ[e\W9r\g}\}`{=T*g\a511\\B*azz\\sJx<>4\0j\\\9\8L\\\&n\@\67}B@$L(>	A\\{\N/\\'Jo!tAD@Uq\\]\\}d\\\\nW@B%	\\\\'S2}~|^ϼ-O\%3g\=\s\=\sޟ{b&11|L`>&0	@L~ \\bTUU F\riٚ@5<ϝjCbX\"@VŽ0Lwh\l\ׯ\K\\RQQQUUnmmkq\>4\uuuw}\p8Bˡ:466\[\\\\;]d2\\i0looKIA>8\\\hWW\\onn˚2@\.\=z555w5HGG`hnn6LY!\S__me2nܸ9Mttuu\d\\'F\c\\\\\\\v\\\/Q=\C*~3g\$\\\\Y\\p\ڵk֬Y\r\h\\`0T\x<\q\\AMP\d2\Z\\0\C\\뫨@\\Z\ZBzb\"\^s9A}ѻ>q8w\Z\X\\\\|HL&;8F9p\@dd\SΝ;\bO8q\(\\\AV駟(\oN3,[UUe2\:\\ݽ{7ł\bC:\02,\nm6\ѣGx|yy\644\\΢\"Av\\{\Fϧ\ٳS,\5<\0\r\rݫxvP\\K_q\\狎-u\{\}	\\ɓv_\_j\ĉ\<LNMM6L.ܹsgZZZRR\-,,|\\b͛7\tzdd\ٳg)\\\XZZFgy]*]\O?>}:$\1\E]|Y.X\\\\neΜ9\?	Fz\P(&\\|z~ݺu{\|s\vA|D*\\\.\j\\\uvv$qAd\ʕ(#ԓ8NeeeIIɟg^u\\\˗/\Kl6\x<\|\\9\"\h4Nr{{{ׯ_ ȗ_~\\p\\\\~\@ `X`\\~ʕ+O<\\\\̙3gΜzLߜ\\o_~hh(%%%99N.N\һw\^bEee\K/ HMM\j\\\\x<\f>|\_t\R~~~EEży󆆆M\[]]\\ٹz\O>d׮]QQQ\\\\b˖-zBBV]xqqq#<\\\Z裏>\Ç/]cdd䩧:z\\rv\ܹu\\+W8\u\\\͝;\fH$ñp\\\\\\\ȦH\Z>}G}D\{{{\\d\d\l6\n\nkkkׯ__^^]VVv\\˗/^ɱcǄB!\\\\\"\\\W4_\\ه\\uJ4\Z\G-_\`0hZZ\O޾}\\\'\͛7x\	\^7ox<W>x\$I}}\펍u\---WD˖-믻Z@ X,+WVUU	\)Sb%|u\d\\\\\WzޱW_}u\ԩYYY\\\@`׮]-Zn \\..	rAP\n\\\\\~w\Y\MI,Y2@ \ZzAuWTZv\ƍP(I8\\\!\[`ش6ټy\K.]r%**\իfXRT՞;w\Gٶm\h }o\Z\\܌\\C.<\s:*x<\n\l\\\\\&)$B\}>_ZZZ 7o^DDD\\\\\3g\ܼy\d2\\._|7\\\RSSCL(\\ǋ\└\\ʄ\\\8q\\ׯ_\\\i\\SP4V;k֬\\a0ؾ}{zz\\\3\\.\\\!o3,,\l6\l^ORFcOOO0\\\ZfMJJ\nHIM6-+++::ZV0LPH$].׳\>`\\\fgg\n`\\.\`\\h4D|X\\r\\`}O>\0L  ˖-P((@ aaaK.R\T\\)..	YCR@!\\v\f\\;@XdIHFy\Z\Z\Zx<D\"ǃS\\3L\b\#<2H \r=U`VB\\..G{\	&\Ϯ\jm6۞={\\\\\ӟ|IZ=mڴ\J \\\\0ɺp\ºu\Ԥ&z\@ \r^oh]9m\4כ\rz V!`\\\h\h44\\-^NA3f̞=;***!!\\\\\\hofww+\T]r\ܹspll\5\,\o8p\0\w\266\~\bIOO/((l]]]tttSSSnn\̙3Jess\\\\\p[X,ylll\Z\\rA\`A\\d%KT*H\\P۝+\b\`0x\\9\<iҤiӦN2%<<\\r\챱1:9N]]\T-\\12\p8\ϟ펎t4\Z-\n\Dы-T(B\\tx@ 0mڴ\\ΌMt:\`XVB\\\D\"S!<\dF\~׮]\\\,K\._7??.P&\洴44\Z-JMB\\.áR\\l(q\ӧϟ?aΜ9X,\f9Ό\\l6\bl6Z\\\%MMMk֬q86-+++\t:Sd2L&3\ࠁ\\\裏\Z\\\\\^{\r\x<.\\A\(//o\/^\\f\\lmmmhh`\05شiӑ#Gx<^ZZ\ZNW\QQQ0~:7o׮][p`PTn\\g\*j<\\r/\`V288800i\&\\\\\D\ŋ{\96}\\\0\0:y\ʕG}T TUUeggH[nM:5--\rL4\\\DFFΜ9sϞ=iii|>?)))\"\"\b=\c}QJJB\---			`\n%\͛WYYIP8\\\B\\\\p8\\x<J`0\dZlYiiJ\Ê\\.KLL\O\ϟ\T)\K\~\\]g\6mX*++=\3\<\cro\{{{\\\<d#188X[[wwU엩\Àe$|>\hdX\τ_خ\\t\\v\\\)\Z(\\[\\o].P\\\A\ \>\]\\9\]\\4D\ǽ\rw\̖i\\_\\?.߳_-*Pc\J;)\'ݻw[\ٳg:\\\?\ߩl]\t:!\g\\\q/!6o\)))XRRxjڗ_~\>ˏ\N\n\d\(J*r8\\\\[JP(\t\GFFbbbCT*\\.\\t:8X<00\x<\jP(\\.>\`0z{{\v;@\\rH$D\"\H$%\lON\\\\bD\"\b\lX,JRTb0>p\'\\\pzww\je0:\\n\lJ`PP\\A\<::j4\ZP6\n^7\j\\bX>\p8zzz`j\n\	\ix<\\r\nؾ};\\>oŊ,0\Z:JJRN\d2\0\\\\wH\h\[@\x\\A(r\\\\\hH$\\\lj\bN`H$h\JR)\Q\\>`P,C\0R\\r\rX,^VL&S\{\\{o\ܹ\"HRQԭ[&$$9Cxx8HX,,\ZzH$\ZHOOzX,EJR6XlEEŪU\bVe\(JRcX,R\\\:\\\p8\`0T*BX,+\h4\`\\\oZ#i4\Z^/\\\\\\\Z6MӅ:V\j}}}K,\6&\\\\x\\\\fY$Y\k׮	½{\߿?&&歷ފollB\\ݛz\ٰ0xI\n\\\>\cׯ_\\\;t\Plllii\i\\\鉎f\%%%<\\Ó&M\\\n\T*0111\"\"\n\.<;;{ӧO\'CCCJNN\9NWWB0\Z7o~\Xluu5D\\d2\\.W[[[0,))3g\\͛w\ܙ\+={6--N\j4\ׯ\\Ž\\\/***((\n\<\ѣGZZZ4\Z\\ݱcGRR҅<\ZV\SL[\k~!P*`&HQ(\իWV7::\+L>ǟ<yr\ō\'O>~\n7\\07)\\g\\\,X\\oll*Jcc#Nr\\nxG\\\r\\iii\\`4UWW{\\@ \\\\\\\\v\\t\766s\\H4Çcؽ{FEE\\p@\0\D\ZLJJ\n\'w\\\\9ydxx@ `0\멩ׯ_/++̜9\\\\\'||\ԩ.\g\\\EGG?\\n\j1c\_|\\بR4\ZͶm۞z\)\BV\\\IOO뭷80k֬cǎK.%$$x<Nw\Y\$b\K~O\#1.P(\I&\l6`0\\\\n7@\\yyyFƤ\\)**\nqq8L\h322={\\\\gy\ԩSSLv\ZZZ\_\\\\\\\\\\aŊ+Wd0iiiaaan\\˃˱1F3y\\\J؊\\퍍\\~7447i\$R\\p322RRR^\E\\\\t:#\333l6ۤIz}?J-((\02x,EEE~\CP\n7xLL̼yJett3^\Z\\n\nv\\\rl<1}/Ξ={˖-d2\f|>\\SO͙3\\Ξ=\\pL2\/\xf\\\\Fѷo\f\/\pff\믿>}t>_]]\r!\\\իWE8!!nS(\\\`0\/\۷\\h@ \03\ZFRm6ۼy>\7oΜ9ޚ9s&\[ajs\ر\\̸8F].\LLL\\\d\yyy/^ʠP(2\jsss/55U(^|9??\ѣB0;;[.\vʔ)\\\aaaíX\"33F|\X,f\jkk\\\9q\-͞1c\\˯]6<<,\n-[\p8\t:F\\p|>֬YhZo\h7\x\\'(--k_\?|T*J%\4\ZR4\J$-˩T\\۷Ϝ9\www7,\r9u\[nUWW{<7n\b\<==H&\\\\"++\\{\w?n\\NMMt\\\>44\\ק\\ bZR\\.02,\"\"b\֭\Ν\\ٳ{\#GL<6m\Z`P(T*\ɓ\'\r\\\`8w\vtt\\rRi2:;;\h4\Zx\\ \*\\ѣ\ĉDR)JXLӫ᪓M&Ӝ9s*7D\"\\\|\\`=\t:!\dÆ\r}Yyy\hv\ZXXX,>p\@OOO`1c\\\"xOj4ٳg\?p\@zzmێ?Ӯ`0LʥK>_}UvvveeeMt:H-[ƀ\\͵\\\X,D\"}\UUU/޼ys\\Z\Z\ZMVWW\p8P(\ƍ\666J$O>\jB`\\\\\\\b!رcǢl\RXX-\\L\?|\===CCC~?==]&\ҥKz^PD.X,Z\rLs\n߾o\b0\\\_|1**D\%&&\\\\\\\NH$pxxxmm\[>x\-[<yƍ\>\C\1;/\ZZ\r.s冡\dN\'@A\0l\"aM\"\v;0v`\r\h47\Z\nF)\e˖!c8\\\xxi\\Q&\r \b31tvV5,,ź\\.\\b\n7,\\mX	1)\\n\Zź\\\\̞\k\h\va\r|\\h4\Z\\Zn\5\bM&ƀ&\n2\Z\n\\,^/ԐH$ZV@$\nTnM@\Y\~!ڥ\\a\pL\\r\`00\4\0e\0\0 \0IDAT\t88\C&ĵ\\$L&Å@5\'[)H$\\Ca\\\h\\5t\'*\xP(4)\}:ΰ!Hy\̙W^y+\\rXs\΅0V\x`\T\Ѝ:|>\L\!i\R)\n*\>\F\\gV>\\?~\\dN\!\l>|XXXAAhCx</L\ޙ6\N~B/\\I\+p|O\&K\\RN~*3܋_#\\'\?ׯ_v\\OuO7\l۶\rV\6m\\\C \͛?\y`SS\G}T444@F<RN?4\Z\\b>|\\~p\rO\رc.\B0\\v\\)|O>DR\UL,9r\A&\\#..$A\+\z\\\h4Z\\j4\ZD\rD\"(\v\r^z*60\\󍌌Od2\jLf\\r\\\\@:@\\D\"\\t:!fXD\"xe2`Rx<`\\tޥf\끨f\E\"Qh\D\"VX,v\`0\0Qjdd$ĘH$Nstt\f\o \\cccZrI\{<V+H|>\nz@0	b\\v[,\i\\b\\\\\VJ  N\t?\\_D\"	IIIgϞmhh2t:*#J-K \h4R\nڱ1׫\\MFxP(\\g!T\b\zP!@\x.Kӹ\n\̶Z\"\\,Y\b\\q::N*ޙZR\f\nX,V6Xlxx\\.n\\ӣ\\0\ZR\@\8t\PDDā\tzSSӮ]\\\;))\ԩSt<\\rw\\	F&H$\l`ԩS$lQQQdd\%K9\d2h4\_|\j\\ƤR\d:|ptt\\:::R)\\\x<{\YjUCCPKT*UkkD\"8\"Á\\Ziooooo\h\ϟ\h4`\ѣ\ne۶m\\\n[*\r\r\\\'OB\_|!\nE\"+..&H.]|r\\.\'N@.	F\lk׮\7o\\\f\rJzj[[N?~xBBBWWxbggZ\r\r\rJ2;;\\tfff¦&ÑJ\^^^^yy\\OHH@\d2\۷oÆ\r׮] 555~\\A.P\\\@&XQX6\p89\"FFF\\\\\3{l\n\z/\\\\\x\ڵ0T\\\\\\O\"*++\d\ӧx|IIIww7ǻ|2@\nЌ~ڵk\FPH$\֭[.]z\\\Z\399\/b^BB\Y\\QQQ׮]\\ɁRT\'NHLLdYp\̙p\B&*\/}\>d@B\nv322d2YJJ\\ݻ\\@ Xx1J]hX,\\\={֭[bcc-ZVY,Vttt^^\\˗\l6 :\jN6\\'Xpannn||\dJII;w.\_hQMM\rB\\\\x\\)\Z\)S֯_\t:-]r\Mz{{x\\\jO=Ԋ+\~\\rC\544\\vttF_\$CCCx<~ҤI4\Z\r@@8u\Ԃ^~eXoذ\\\X,g\\\\Fnn\իWbvhZ<O\\s˵q\Ʋ2\Z\t:L\\>;w\ܼ\\\\r6 :fWM@ \zEo]A8Njj*χVz\\\0\\\h(F~O<cZ֬Ys\\L&ÑIRRSSo\~\\g2fX᭭6m2^w\ԩ4\Z---m\v\ӳf\Zv-l4A^\\\\X||\\a\hn߾4u\T\\\\*,[\\_T(9996\d2_o\O>l6T*5kVYY\\\`||<U&M7n\澾>ͦ\jGGG%	\۷o_{{`P(6\r\r\rv\؁ \khh(,,liiٳgOSS\ba0%%%J\j\zGVġ\\\\RT\kڿ\x<^\Z֑\\dXTWWߺu\/[\ڵk7oބ\G\W_ݸq&\/^2\\nt.\r\ӯ\\\\\фv:SXX\\\C\9Nccccc\\\\Z1c\ŋq\\\\6\r\\nH$%%%\\\\111wﮭ\寽\\͛\Z\Z`M\p8FcdddGGL\,X\\\\x\YZZT*/\\@$aBz{{\>L&ݾu\VIXXXee\\D\\\Wt\\\⚚\ZXD8ckkkww7,\IIIy\w9N{{{___JJ\b1\F\l6\\\_pfllMMMmmm!..J\\KҞ\\Z\h%\\e]}}D\"x<b\\~\$I\\z\>::\n2(\\y\h4V5%%\fGFF\۷///s\/\n\b1\7l6[ӥX,:\jY,\\\hLLT*%\j:33cccӧO\boߎ(\hP\`x\\\v]Te\j&%%\b\nF{{{VVCPnݚ?>D[&M\_>\o\\4222ydY@X\@\0g4iR(fH$,kX\b1\466\p8\\r28\\\IIIX,\d|\\\!E\\d`(\;cƌcǎ\\ƒ\䶶68L&c2111XVD&J)J x<\d*J\6\[TTTSSSbb\"L\\\\\ȐJ#++]\BRRRL\@H\\pdff\\t2\f6%IvvFڋ\={\d\Z\\\b04\ZMT\pPH&;::rrr\v\hR\\q:mmm\'99yxx\ࢼ^oSSSZZ\Z\\Z\Z\Z<\0\Ը\n\"866\bBĖk\\^\ٳJ&\'\'O:\։\0466\7ǁ7ۃM&Ӈ~\.y_6\\^ꫯB	L\0\jLb5v\82gU\2gOM^/L\Wt&cC~>&0	@L~ &	L`?\\&0\c\\1	L\bb&1Ç\\\/_̙3E\\\<i>|W\\\\\eee e\\A\3\pii\{7n\{ǁ HUUU\\6\ԩS?\v\z\\Ձ\]bE\}Ճ\ZUU%H~\7n\x\С.**^x\.+Ϸcǎ}:u\̙3nU1\D\\\|>\Z@[.\'\\0\\m6[ p\2L&\p8˥\hF#w:z~tt4**\f\nD)p^WV\A\\.%ɐf\ZgE_(P(2ltt\\\d\P(J266\dL&R	~?8N\\p8\n36\n\\w\yg\ِ\g6\n\n\\\!H]W\vH$\\0H\\"2LT*vHI\Q(Z\r\R4,,L\P(g}\l6T*\ZF###A\.\rRL&\aX<Ȑ\'Jꫭ[\"\\!M(\ZPBZz#l6d\STP9\\ccc\z\rv\\z\`0P(0g\bP7\ٴ|\\ZéT*\dX,*\\h4\Z\x [bFC,@\\\'<<ԩS\i\\\`\tJ<CZm0\\vGEEM\\\(\΁\\Ν;́\\\\\K\?ϱ4\ZM.[,\-H$\޽;>>^(\\+W ꫯ*\nF\\\-Y\\y^Ţ\h&\~\@=22\͛R\_~=\n*,,~\vbbbv\\\\\\@a7\t^\)ʞ={\\\?ӈ\\✜g\\l\'N,Z\\p\[4\Zm˖-g\\\뫪JIIy\7(JBB?|0ɼz*Ȃ9sF \\\-[F\l6\6<<|\رz:~i,\p8\\\`0\n\f\\e2\l޻wonn\~i<\\/\\d2NټyK/B%ICCfX\Ν3\Z.\\p\\p]T*5\\ͫ ===J\l6={v\ٻv\JMM(((|2N@\uuu\燇\l6@jժcǎq8\"@p\ӧO1\XUUjժ\\b\\zo޼\\<Jhl6[(vvv<x\nwuu9N\YUUBN>\\r\\;i\$z\\˗y<\s\=\0^M/^$\;v\\			\Z\\ի]]]\\\۷o\\\۸q\\? H]]ݹs\\ᔔddd\ܹ3>>\իX,\\\xX\\&\'\'wvv;Ύvպo߾|\0~4MMMh4\\\UTT\ZV(.]\"Hmmm\P\\\\\\rxK.]z\С(`6\l}bccoݺ\f;::n޼r\֭3f3g\~`X \\\%\:::bbbz{{kkk0h<$\ (\nZfΜ\\D\\\'<q\\\ry||\۷A\\f9s2VA\g\ڵB̛7/22rtt\jΛ7\ \n%33sժU3f\\0[xgff]B~\<eʔ\\wofff\ܹs5\Z\c=6w\\\\[RRBӯ]u\V\\\\322@e \\x\G7m\ZD)))`0&&\A,11\wuuM< ~ӦMo\9E\+D\"1##cƌ\A 6o\\\WW7s\\\\\K:u*;;\C5DZR\'O޼y3\\Lm|rt5kB\\\\\\{\7A9Fpt8 #\nWZe\Y,\o\4\Z-77g)))\\\\\\\ׯ_\\\VT?>c\\|l6;??ɒ%\\t@\p8^oXX>#\n\n\n^y\B3c\\\ޝdff޾}w\̙!u%u\̙\ӧoٲ3⋌7vuu%$$l۶---\d2\rB2P(0A`X`\\\d2Y 0pa\\S(W^y%22*`\"\"\"\\nff& \'\"\"\";;o|w>@ ;;{Æ\r,\f/\\a3i\\ܹs2,&&&99!#6\rF[qqqfg\D\"\۷n\\\\WWW\q\juoooff`P*D\",+\Ο?\\\\FGG\hRT\>\81LѣG+++\\xqddD ;v\h4\ZƖ\~\?5k\/^q*pHonnTUU\t:\KZP\\\ڱcG[[D\"8u\!B\"q\ҥ`+I$\\\M&\dW`Sڙ3g:::6mڄ ȍ7\Zm6着\\ޓ\'O\*{\"\t:/_l2\r98N|\\\ՠ\iٺM&Yu\l\dZv\;w\0i\n\/\_0\0]t))))..\O>J\\\p4gScU*\\ԠP(V\x\Z\Z\Z\\=\\\mnnNNN+b07n\hnnV*YYY\Z&\k\+R(R>\kjj\}\\g\\\\}\7n\>}H$|>onn!\u\\566\n!N:Fr\l6\\~mkk+\Hg\\\\}כ@-J$!Dr\\%\w:u?[FFy< \\\</$&\\6(HRRRFB\p8P3C\c׮]7n\Zx<\X,V,\'&&\\\W^\\!p\\\\l6^H$JHHbCCC\\.F\j\ZQTT*ix<Fq:\裏D\"F#HD\"qhh(>>\j58\PcllN\lX\G\\a\rz=Q\\\z\\M\'\\Z\+\h4\ZB1L\0\jIIIV\\`0\Ҋ5\`0\v;LP(\n8\\\rF#`p:Z\\\_RR\3\DFF83^\\\Y[|\np\\n\	6\P+\n\\\\\Ҳt\\pшBLH$\\hP(pF`\e0X,L+\\닍%HPlhhH @,\\\,N\r\l6\7\\\v;x\\.\\@j0C (Jpw\-\\.\h$Ill,Q\h4\2ࠞB|>x!?	\juqq\͛\bZ9iӦ\fI*8q⭷\iC{{{WW\ƍ\_]]N{\\'~ֳ jjjV\\\03|\tQPx\\*h_&a\>`(BL\莌HP\0\\\\\ Jxp\_CV\\\BDTcvSSS\\@ PWWwg\/v:\\-}\066|>H+߅6\)\0bN\ni?=\nv9?\j:dxaXFFFΝ;766M\p8\EA\c+744\\\}et:]h\{\\F^/\<\a\R\\\\~\ׯ_ڽG`())Ad``\\\l={E\w\#\"bX\:\\j\\\;v\\w]\\߿\|>ħ\s\[\\\JJJB[\w\"4\[y/>\n%q`mm\G\\ Okk\\lF?n\0kcժU\\ի6\\D_~eNNp{Bjj\7|>_rrrWW\h|駝NgWW\l^jU]]V}\X\f\\\\\\\Zill$k֬A\d2\\\\0\\s\VVVLECu\հ\nݺz\\{ު*FCR5\ZMmm\dz饗\\\\2`H$@ \oݺ\\O>5<\>\*\͛7\\\ܹs(\\rT\\d2l0\\\~\ӧ}>_~~~}}=@\\?|]]\l~\gc0z\b\7\@$\\r\b\0\l69sf\\<\d2P\{\СC@\n@R(/2lF\d\s\\!@\r֭[w\\5\8{즦&,;222u\\[ne2Ǐ\'yyy%%%gƌ,\\GEG&ĕ+WVZ|+W<\G\rg\\$	6n\\éT\f[r%lQN+++ۼysIIL&۰a\\\\jll75k\\g}BuV\\\\X,kii\\\\!zx<\l6O>]P0LxE\"QggV}\gjkku:ݓO>s\ά,\6o޼?B\\v\f3Lәm\\nw/\O>YTT\?}\0{/99NGEE\\\u\\\ݻW\i4o6<<\\\.\̙3***.]`SNQT,k4\Z)--MHH9s&\"\"\"BsBɔ>$)\\\nذ\\\%\0\0 \0IDAT믿\\\*)SZmEE\\ɓd2P(<?o\<,{\Q1::\n\\R\\\Ϟ=\#\\rBM2%==n\\\\\R4b\\\\I&@RR\l\R`Μ9999Yo߾Gydƌ(*&&\\L$0ӬLOO+\p8*\nx**55HtttYf(F#8lsBii\l\r `9o\<2\\RRB ^ohx\d5k־}:;;^\c=\\\n8>nfD\"[\ҥKC$mܸq۶mQQQzEEE}}}}}}\\$	بׯ_\/d\p8&O\\r\qo7\`0\\ݷnݲZ\D \Z[hQww%Kn޼YVV&\nU*4Ԍ3nݺe08Η_~1SNEP/`\b<_Ξ=dɒK<yr\ԩYYYׯ_W*s\\\Y`멧x<\n\4X,VdddxxD\"Y`jNF!ppm\\`[\d2322\\\SѼv\Z2\"\nN\p88C,\.Œv\Za\h\uP(?8l2L:\t:\\\\\\(\n&\/\^H$Xv\\\ƌF#S\\\<A>\\p:;;Y,\	\`0si\Z\p8֯_ݔH$\h4@`\\Z\Z~?2\\l\l\82LR\ݻ%X,,\ !@uG\n\\zNgDDĆ\r`tt4<<<DG\\r\j4\Z\N\'\۸q\]\g@$	\\d2\$Uڮz6#T*\ZESB|׋\\.]\Z6-C\!\FKHH\\\~\w|0\^\\󅅅=\H$$&qqq6l7\\j<OPL<9\'\'P(*\n\9ONJJ-Z\\\B!(\n# A\\߳g\\x<ޅ`\bb!Ɵ.ˍFcZZ\Z}vdd$ñZ6muNN\̙3\\G\0\\\pC,X\7\DGG/\\\f4/55ҥK.K ,X\믿\0\f3gΜ\\ZH+x\7SRRLlٲ`0xbL\\\\:ujAAA͛7O\\Ba[[BP(\`vA@ \)))0=	iii\x_\0ɜ:uX,f0`\\\\ZZZRSSx|ff\ѣGTP($\D\\\\\LC\",<ͦ\h111\ZF ,]ȑ#p\\iiil6F\\őH$6P(h4ڣ>z\\9p\B>J%\\`0F|s \Z9::\Zv@	\\\\\^x\_\bAyy@ >}Vq\ƴi\\\0䈈\\ƹs禥]x\Dx\L&3gNLḼ[233?\\d*:66VQQ\zppp\\x<\`0]^/&z\\\\EEEJKK|pFٜ\x\n70b\n7/|R\\pl6[dd\h/p\-\j0N\=`hi|X`0\ϟ	.kΜ9\w\{ߋЅ\|IOOϿ,v\@}J\X>\\\ٱc\by;[O\zKKK\iRJ\\\\\\GT>}?\Ŀ\b\}`\l6N\\\}\'|>B5\x\\9Ns D\"|&\\t\nBX8NV;Ai\r \U\; \1Uz\\۟2\'0>\YvgCܕDw\޻\N?\ҥK\\\رcZߎ9\\"\0\\GFF~\'0AD\"\!J\\\\`0p8\\0T\\\T*J\bx<Ų\\}}}TF\T*NF0\\\ \ N\'F\h4\Z\f$$&\zP\h4(J\"H$\nz\"j\\ߏ ͆\Z\r\r9ΰ0\0 !D\"\d<\buww\h4\\\\\\\p$ixxxllL&+JNFDL&3\Z4\Z\\XYfq\\:T*U*\=p\\\OHH`0fxx\\rH$Jz?f\e0+W@h (,,\Zv\2L\ʕ+\\\\\\\\h4F>P\111\nv@Q(\\\\\eee\/\\\\\\\\\%\\ÇE\"\?񏡡K\\\۷\ݻw\l\\B\Q\/^U(\\\EEE.\СCR\JڲeF&IQQBضm[\|~iiiqq\\믇\}\\{\Tk׮\tk\\r\\\\(\˗/WUUuvvZ,t\ܹADٷo\\.\\T*\q?>RSS\\\@a\/\" c\ʕG!\qqqX,\\񤥥P+W\aaaYfʅ|4AB\\\\۷WTT\\-)))---333&&&55F\\\O4)666++KP\l\3s\\.\\ŋ\ٳ\'p8,\\ۛ2u\TB1eʔ\\\3611Re\ k9sF(nڴ5---??_,O2%\'\'gtt;55\_5D7\\\nwXXP(m\\\\\V;u\Ԝv1	<8\\\\=}tkk+,.>\[n!K\\ן={\\H$B\jo߾\kiiQ* c\!At:<&i׮]!\Z\[o\7߬Xb\޽\\\,\\\\\tpHT*A\G\"\>\\\\\nܸa4\Z\rCRRRUU\lNMM\\\4!\3f>}}ll\\o۶\rRxh4\\O?e˖\\RV\\\a0:~\?\`09\v\\Lv\\	\-J\\\o޼\\M&Sllluu5N\L9~Z<;/jL&C\b\lA\\C=\r\C<\	@ 2\4hZA  [\b94\ZXl(+\စ\:f\\|>\\\p\\AV\\t\"866\\^/L.&H$c2X,E\\P1CXX$i4\\ n\{<8`0X,\\r[ǫ\j&	\Ps,{\'gtP~\\&w\Qm\ǿ		@.$$$Xh-\n\Emd\:\\\ٱgnmghz\\s6wfqǹY\\#TpH@ˀ.rO	r#e|\\U\Ѻ\\@`L%\nQ\\0PB>\0\0\0|\0\0%\\0(!\0@	\0\0J˟2\ڍ>\"\`(\n\׎\\n\\\\V\'~llB<wiu\\]*_\K\ٿx<eeE\$Li\\l\\\\cuvv\K\'R g,M\\nw,\\PooZ~aWWWcccOO\\w\y\{\\\Cqqqqd9BF|yv}߾}Ä\\g}\\r\B/\\S\ؔ\"\MNN\_\w\]E\}\I\H\f^Dg\q\\V\OT\\w^\珎^z\\\b1N\n\\0%%%))\\ӧOx\'Nlڴizzzrr2##7444??/{\9T\3Ϩ\jǣ\je2o\bءCm۶\\קRv8ΑT:11!].\\\\sss			\\.W \$dgg\t:˕\\\o٢Ѩ@ \\\\\&I.\r\Nsnn\\pp\\ñjժH$\\\CNᛘX,r|\\'\\\,J׬Ys\\\>ldRBB\\ȈV---]\\\\$\\b1L>\\իRti\+422R^^>::\8p 55U\18>>>55E1~\@ \\v{(\l\\ӑH\\g\\RMnxzzVMII1l6\l6fddL)z^R^:<<>>>n4\ZɞjDBJR\d\&&&J%r0777::j0\\\'H7L\\\b=++\\utt30cY777\\קP(\vN\\\\\n\\=\s6m\r)))SSS\\.Wד6\\1H\\\4::E·c-><O{{Z\di$\o~s\wl߾\?&\'no\\͛?䓉\\\ݻwWWWONN\iii|\\7RRF\V%\\u\]gΜٵkW]]\\\\\\h4󟋋[[[\\\\y\2\\ra\f?\\\!w\\ڔ\\\'\'\'\Y¡P\\pܙ\z\8t\ZH$sss~iff\\O?V_uD\h֬Yp\vN\v\|\\\Z\Z\rd2ّ#GZmjj\\w\}\IDre\\"z}~~~KKK8Z}QZZ\\ow\\\\\\Ǐ;N^_RRB.6\\K.\\\\n\^+//\7rrr}\-[td-\\\\\А\l6\Zuuu+W\\\\\\\k׮]\Zl6\\\v\~\\\\P(499\\\ZTT\t:_y\J\\۫\\=\njj\"SN\6B\p\\ꊋ[ZZD\"QKK\hrssB\b9{lQQ\pbb\h]YY)zzzΝ;|\@ \hX,ֹs禧\b1͖\\~\\\Vujjꭷ\ڲe\_򗒒o|\jII\\ի8P[[{\w\}}}YYYǎ\\\\h4<O ?^.X\5\B0\p8,˺u\\\0yV].\C=t\\\\\vwtt(\\jFs\}\\β\lD\"\n\\...)((`\\"cD\"\\.\nG$=\O<Djjj~~><P(L&\/Vdbb\{\w\\{\g|||\֭\m\\\D\"\!\\b\y<n\͍/rNN\0dcY\C\\\WUUXD$\\={\G?jjjڱc\GaÆkWX,X\O\\'? ?ü@ \\n\n򒒒T*U8\b\n\"\'\'hݺu\\\v=77\\'$\,	6\\p<XUU/J9΋/f\\Z\\~x\<@T}W\r\wTk6\fXW\\\\\=|pEE\ÇT\\ʪ*񤤤\bX⥗^*//߽{ѣGe2Yzz{ｗT*U*\ƍ~?\\R\\\\L:J<̑khh XX~իWX,;v\g?{\G\Z\Z\Z^\0Lrr\?\ώ+C}\ߖ\dyyy\"\妧KRDs\\\ׯ](\n\rVVV?~|ݺu6l(,,t:|>_,WWW\G33371_ w\\Ǐ?\3&\3Lni۶mdD\"پ}޽{/\\裏>\\\[\z\\'NT?\\?<l6[ZZ\>X,633b\\na\u:`XXX×.]JJJ\\?\\\;F\LÐg?BQ^^\W^Q(eqq\"S\\\w\\U]]]SS\h\0ي\\\\gff\ZIreFGG333Y,\\\w\\k4\Z].\ѣGɱL\"\\\\\\\`0\j\\\N\nd̒\n!+9Ngg\Oӑ: \;6nܘ188h4\ZO8\\\JS\r\\v\\\ֶi\&\n2\ٳ{3g\tvv\\\...\\ϛ\\W_}\\t\\\/*//ӟ|bb\\\\\Çয়~\\\YPP077g4\Z>\_\\\\\\\\\wz{{\\\%\\/--={F)))YXX\\Fl)-++;}tkk\\\dyy\?\\[[K0/..\慅2)J$Zj\޽\\\\ַz=Zv߾}\\SO=522\\m6\hB\Ν#\eV\ٳg-e\\\p\>\/\d\"W\d2\d\\\\۷\r\r\g7\\p\`\bAx\f%%%\lL|\u\0H\p8V5999%%\\p2m\\t\'1ab\\$o(\\\x!\:==,^\r\B\\z\rK\bu\\U\rd$\jMLL\n6-11a!dXd9H$\l\\.\\\d\"\0\\\z2,\'\'GT\\`0\p8\G\*\h \Ν۲eX,&\!;\ȭ ]\h5Ph6\4\P(DDѤ$r\0\ZNS&\\r\աP\\vEQ6\p8\\x\NvP2\\r	\X,F\j%K0\v;\!##\l6\mllJNN|KG\nw(JKK#\t:].WSS\޽{\\l\:[V.j\|>$^o$!@F%QNsiW\bINNNMMe\\?\'_LS  HD\\qD\^T*]\\\\$wHP\vɲQG&f~\R\n\'$$|Ǔ\nȷp8׻4>\V\\N%744LLLl۶\p\\\\i\[O\\0y\^N#\7\|\0\0\?A466\\\\VZ_\I`\"\6\\o\'o\\{\?a\n\n\\qaBP D\"@ P\nL\f#\e̷\n\\n\LOOh4>\f\v\m\\7\\\jjj8\D\\\?$ ޽{\\_B^+**\n\r\8\\\ڵ|\*\nutt\⬬\Jrlla\_]]\\\AH&%%\\h4*\\\\u:\֭[|~GGH$\"1gb&\'\'N\'}d8~ꩧ\\'\ɉ*NS$]r%Xy\\f3\s\\\#\\\_t\0Z/,,looOMM\剉JRՒO\\r>/T*UJJ\nY:33\f\\V\233?\\\\.^://\\?߰a\\:[\\܄\\\\Tq\\\:\0n|0cXX,9\\0\-\0,S\0E!\0@	\0\0J\\0PB>\0\0\0tS\\cfi\/6\Z~\#\08ɓ\'=ϙ3g\98\\\n\D_\QSSC	\0o\}8͛7\'&&=z4++\\\s\=|>\\v[,LFf5cff!%%H*.,,ddd\\@ Igff_\\0P[3nGFF\b+\\w\Gy$33SVWTT9rd\ڵNbXcccBd\\$IMM\\\\p8mmmR\^\r6M\;v\\E\"UV-\mZZ7/ðXP(\^x^\y<ފ+~֭[srr\\\\\ʌF\\r^o8\dJk\\\\n;w\\\\ٲeˉ\'J%F\87E>Gu8\{/\\\~qqQ\g(\0\0IDATdd\\̐>.\C&/:._uyF322233c6\j/P__\\\0\q{\\\\\\R\Jv\f\;88XXX\\ҢVSSS\\H$ǣѨH$r\Rtvv\瓵RB099\d2%$$\\\\Vu\\彍\0_K\\t\ϟ\\˓\\KK\\r9ٮ><<s\Ε+W\\MJJb,Rdfaaa```ǎ7\\ZW\0pY}\0-\0\0J\\0PB>\0\0\0|\0\0%\\0(!\0@	\0\0J\\0PB>\0\0\0|\0\0%\\0(!\0@	\0\0J\\0PB>\0\0\0|\0\0%\\0(!\0@	\0\0J\\0PB>\0\0\0|\0\0%\\0(!\0@	\0\0J\\0PB>\0\0\0|\0\0%\\0(!\0@	\0\0J\\0PB>\0\0\0|\0\0%\\0(!\0@	\0\0J\\0PB>\0\0\0|\0\0%\\0(!\0@	\0\0J\\0PB>\0\0\0|\0\0%\\0(!\0@	\0\0J\\0PB>\0\0\0|\0\0%\\0(!\0@	\0\0J\\0PB>\0\0\0|\0\0%\\0(!\0@	\0\0J\\0PB>\0\0\0|\0\0%\\0(!\0@	\0\0J\\0PB>\0\0\0|\0\0%\\0(!\0@	\0\0J\\0PB>\0\0\0|\0\0%\\0(!\0@	\0\0J\\0PB>\0\0\0|\0\0%\\0(!\0@	\0\0J\\0PB>\0\0\0|\0\0%\\0(!\0@	\0\0J\\0PB>\0\0\0|\0\0%\\0(!\0@	\0\0J\\0PB>\0\0\0|\0\0%\\0(!\0@	\0\0J\\0PB>\0\0\0|\0\0%\\0(!\0@	\0\0J\\0PB>\0\0\0|\0\0%\\0(!\0@	\0\0J\\0PB>\0\0\0|\0\0%\\0(!\0@	\0\0J\\0PB>\0\0\0|\0\0%\\0(!\0@	\0\0J\\0PB>\0\0\0|\0\0%\\0(!\0@	\0\0J\\0PB>\0\0ۻk}[\\0\0\0\0IENDB`','png','2020-03-20','nonTraite');
/*!40000 ALTER TABLE `justification` ENABLE KEYS */;
UNLOCK TABLES;

--
-- Table structure for table `module`
--

DROP TABLE IF EXISTS `module`;
/*!40101 SET @saved_cs_client     = @@character_set_client */;
/*!50503 SET character_set_client = utf8mb4 */;
CREATE TABLE `module` (
  `code_module` varchar(10) NOT NULL,
  `nom` varchar(45) NOT NULL,
  PRIMARY KEY (`code_module`)
) ENGINE=InnoDB DEFAULT CHARSET=latin1;
/*!40101 SET character_set_client = @saved_cs_client */;

--
-- Dumping data for table `module`
--

LOCK TABLES `module` WRITE;
/*!40000 ALTER TABLE `module` DISABLE KEYS */;
INSERT INTO `module` VALUES ('ALGO','Introduction a l\'algorithmique'),('AO','Architecture des ordinateurs'),('AR','Administration Réseaux'),('ASD','Algorithmique et structure de données'),('BD','Base de données');
/*!40000 ALTER TABLE `module` ENABLE KEYS */;
UNLOCK TABLES;

--
-- Table structure for table `responsableformation`
--

DROP TABLE IF EXISTS `responsableformation`;
/*!40101 SET @saved_cs_client     = @@character_set_client */;
/*!50503 SET character_set_client = utf8mb4 */;
CREATE TABLE `responsableformation` (
  `id_responsable_formation` int(11) NOT NULL,
  `date_nomination` date DEFAULT NULL,
  PRIMARY KEY (`id_responsable_formation`),
  KEY `fk_ResponsableFormation_Enseignant` (`id_responsable_formation`),
  CONSTRAINT `fk_ResponsableFormation_Enseignant` FOREIGN KEY (`id_responsable_formation`) REFERENCES `enseignant` (`id_enseignant`) ON DELETE CASCADE ON UPDATE CASCADE
) ENGINE=InnoDB DEFAULT CHARSET=latin1;
/*!40101 SET character_set_client = @saved_cs_client */;

--
-- Dumping data for table `responsableformation`
--

LOCK TABLES `responsableformation` WRITE;
/*!40000 ALTER TABLE `responsableformation` DISABLE KEYS */;
/*!40000 ALTER TABLE `responsableformation` ENABLE KEYS */;
UNLOCK TABLES;

--
-- Table structure for table `seance`
--

DROP TABLE IF EXISTS `seance`;
/*!40101 SET @saved_cs_client     = @@character_set_client */;
/*!50503 SET character_set_client = utf8mb4 */;
CREATE TABLE `seance` (
  `code_seance` varchar(10) NOT NULL,
  `code_module` varchar(10) DEFAULT NULL,
  `type` enum('TD','TP') NOT NULL,
  `annee` enum('L1','L2','L3','M1','M2') NOT NULL,
  `specialite` enum('MI','GL','SI','TT','SCI','STIC','STIW','RSD') NOT NULL,
  `section` int(11) DEFAULT NULL,
  `groupe` int(11) DEFAULT NULL,
  `jour` enum('dimanche','lundi','mardi','mercredi','jeudi') NOT NULL,
  `heure` enum('8:30','10:00','11:30','13:00','14:30') NOT NULL,
  PRIMARY KEY (`code_seance`),
  KEY `fk_Seance_Module` (`code_module`),
  CONSTRAINT `fk_Seance_Module` FOREIGN KEY (`code_module`) REFERENCES `module` (`code_module`) ON DELETE CASCADE ON UPDATE CASCADE
) ENGINE=InnoDB DEFAULT CHARSET=latin1;
/*!40101 SET character_set_client = @saved_cs_client */;

--
-- Dumping data for table `seance`
--

LOCK TABLES `seance` WRITE;
/*!40000 ALTER TABLE `seance` DISABLE KEYS */;
INSERT INTO `seance` VALUES ('1','AR','TP','L3','GL',1,1,'lundi','11:30'),('2','BD','TP','L2','MI',3,12,'mardi','8:30'),('3','ALGO','TD','L1','MI',2,8,'mercredi','13:00'),('4','ASD','TP','L2','MI',1,3,'mardi','11:30'),('5','BD','TP','L2','MI',2,8,'dimanche','13:00'),('6','AO','TP','L2','MI',2,9,'dimanche','8:30');
/*!40000 ALTER TABLE `seance` ENABLE KEYS */;
UNLOCK TABLES;

--
-- Table structure for table `seancesupp`
--

DROP TABLE IF EXISTS `seancesupp`;
/*!40101 SET @saved_cs_client     = @@character_set_client */;
/*!50503 SET character_set_client = utf8mb4 */;
CREATE TABLE `seancesupp` (
  `code_seance` varchar(10) NOT NULL,
  `code_seance_supp` int(11) NOT NULL AUTO_INCREMENT,
  `jour` enum('dimanche','lundi','mardi','mercredi','jeudi') NOT NULL,
  `heure` enum('8:30','10:00','11:30','13:00','14:30') NOT NULL,
  `etat_seance` enum('valide','refuse','nonTraite') NOT NULL DEFAULT 'nonTraite',
  PRIMARY KEY (`code_seance_supp`,`code_seance`),
  KEY `fk_seance_seance` (`code_seance`),
  CONSTRAINT `fk_seance_seance` FOREIGN KEY (`code_seance`) REFERENCES `seance` (`code_seance`) ON DELETE CASCADE ON UPDATE CASCADE
) ENGINE=InnoDB AUTO_INCREMENT=14 DEFAULT CHARSET=latin1;
/*!40101 SET character_set_client = @saved_cs_client */;

--
-- Dumping data for table `seancesupp`
--

LOCK TABLES `seancesupp` WRITE;
/*!40000 ALTER TABLE `seancesupp` DISABLE KEYS */;
INSERT INTO `seancesupp` VALUES ('4',12,'mardi','13:00','nonTraite');
/*!40000 ALTER TABLE `seancesupp` ENABLE KEYS */;
UNLOCK TABLES;

--
-- Table structure for table `token`
--

DROP TABLE IF EXISTS `token`;
/*!40101 SET @saved_cs_client     = @@character_set_client */;
/*!50503 SET character_set_client = utf8mb4 */;
CREATE TABLE `token` (
  `id_utilisateur` int(11) NOT NULL,
  `token` varchar(255) NOT NULL,
  PRIMARY KEY (`id_utilisateur`),
  CONSTRAINT `id_utilisateur` FOREIGN KEY (`id_utilisateur`) REFERENCES `utilisateur` (`id_utilisateur`) ON DELETE CASCADE ON UPDATE CASCADE
) ENGINE=InnoDB DEFAULT CHARSET=latin1;
/*!40101 SET character_set_client = @saved_cs_client */;

--
-- Dumping data for table `token`
--

LOCK TABLES `token` WRITE;
/*!40000 ALTER TABLE `token` DISABLE KEYS */;
INSERT INTO `token` VALUES (1,'96dl4ibne8lj39lkdii911hgdnlilakhdara'),(2,'86469k4m3h2h9kel69bblaicc6lglecheheb'),(21,'3d2njm8kko632dl6ap873dphom8fbelala');
/*!40000 ALTER TABLE `token` ENABLE KEYS */;
UNLOCK TABLES;

--
-- Table structure for table `utilisateur`
--

DROP TABLE IF EXISTS `utilisateur`;
/*!40101 SET @saved_cs_client     = @@character_set_client */;
/*!50503 SET character_set_client = utf8mb4 */;
CREATE TABLE `utilisateur` (
  `id_utilisateur` int(11) NOT NULL,
  `user` varchar(20) NOT NULL,
  `pass` varchar(20) NOT NULL COMMENT '				',
  `nom` varchar(30) NOT NULL,
  `prenom` varchar(30) NOT NULL,
  `adresse` varchar(60) NOT NULL,
  `date_n` date NOT NULL,
  `email` varchar(40) NOT NULL,
  `telephone` varchar(10) NOT NULL,
  `type_utilisateur` enum('etudiant','enseignant','admin','chefDepartement','responsableFormation') NOT NULL,
  PRIMARY KEY (`id_utilisateur`)
) ENGINE=InnoDB DEFAULT CHARSET=latin1;
/*!40101 SET character_set_client = @saved_cs_client */;

--
-- Dumping data for table `utilisateur`
--

LOCK TABLES `utilisateur` WRITE;
/*!40000 ALTER TABLE `utilisateur` DISABLE KEYS */;
INSERT INTO `utilisateur` VALUES (1,'lakhdara','123456','Lakhdara','Zakaria','Constantine Rue de France','1985-05-05','Lakhdara.zakaria@gmail.com','123456789','enseignant'),(2,'lecheheb','247365','Lecheheb','Nassim','Constantine Ali Mendjli','1982-09-03','Lecheheb.nassim@gmail.com','123456789','enseignant'),(3,'Trish','p1wboZ8Iw','Trish','Dowe','236 Muir Junction','1997-12-12','tdowe0@businesswire.com','1','etudiant'),(4,'Hillie','F54QdVw','Hillie','Lakey','457 Dapin Alley','2000-08-11','hlakey1@so-net.ne.jp','2','etudiant'),(5,'Abba','H0gF2C','Abba','Eckly','8375 Merchant Circle','1999-07-10','aeckly2@ucoz.ru','3','etudiant'),(6,'Avigdor','fBECvC','Avigdor','Dawkes','03 Waubesa Lane','1996-05-05','adawkes3@springer.com','4','etudiant'),(7,'Finlay','SAuE6WqpTr','Finlay','Poacher','72 Reindahl Park','1996-11-06','fpoacher4@privacy.gov.au','5','etudiant'),(8,'Ashlan','Kvmms0','Ashlan','Kaas','61542 Almo Parkway','1999-06-13','akaas5@jigsy.com','6','etudiant'),(9,'Yevette','STmaxGC','Yevette','Rodenburg','8489 Forest Run Place','1999-05-11','yrodenburg6@earthlink.net','7','etudiant'),(10,'Moises','nbC0Kjb','Moises','Kerridge','78683 Gerald Crossing','2000-11-12','mkerridge7@stanford.edu','8','etudiant'),(11,'Murielle','XQezc6db54r3','Murielle','Dahlberg','50 Harper Street','1998-10-23','mdahlberg8@archive.org','9','etudiant'),(12,'Edith','2f8PGsjEgj','Edith','Caustick','3 Holmberg Point','1997-08-29','ecaustick9@edublogs.org','10','etudiant'),(13,'Jermaine','gcvTVhx','Jermaine','Owens','38480 Vermont Alley','1997-09-12','jowensa@biblegateway.com','11','etudiant'),(14,'Adiana','IzS0SuwuYYfe','Adiana','Bigg','744 Warbler Avenue','1995-04-16','abiggb@ebay.co.uk','12','etudiant'),(15,'Boonie','JMSLMzHQ4lNA','Boonie','Eckels','3 Tomscot Terrace','1995-09-15','beckelsc@sitemeter.com','13','etudiant'),(16,'Colver','LadQCsms46','Colver','Olivo','14 Maywood Pass','1997-06-28','colivod@squidoo.com','14','etudiant'),(17,'Erica','hUozfYSAVmd','Erica','Sharp','577 Gateway Terrace','1995-06-05','esharpe@narod.ru','15','etudiant'),(18,'Wally','ISt4NpGgY','Wally','Ballentime','01641 La Follette Road','1997-04-01','wballentimef@statcounter.com','16','etudiant'),(19,'Chadd','chcZaOL95m','Chadd','Lyste','48481 Hanover Circle','2000-12-07','clysteg@wikimedia.org','17','etudiant'),(20,'Jolee','ZGeRIE','Jolee','Clelle','471 New Castle Street','2001-04-28','jclelleh@nps.gov','18','etudiant'),(21,'belala','247365','Belala','Nabil','El Khroub Rue national socialistes','1985-07-06','Nabil.Belala@gmail.com','123456789','chefDepartement');
/*!40000 ALTER TABLE `utilisateur` ENABLE KEYS */;
UNLOCK TABLES;
/*!40103 SET TIME_ZONE=@OLD_TIME_ZONE */;

/*!40101 SET SQL_MODE=@OLD_SQL_MODE */;
/*!40014 SET FOREIGN_KEY_CHECKS=@OLD_FOREIGN_KEY_CHECKS */;
/*!40014 SET UNIQUE_CHECKS=@OLD_UNIQUE_CHECKS */;
/*!40101 SET CHARACTER_SET_CLIENT=@OLD_CHARACTER_SET_CLIENT */;
/*!40101 SET CHARACTER_SET_RESULTS=@OLD_CHARACTER_SET_RESULTS */;
/*!40101 SET COLLATION_CONNECTION=@OLD_COLLATION_CONNECTION */;
/*!40111 SET SQL_NOTES=@OLD_SQL_NOTES */;

-- Dump completed on 2020-07-05  0:56:33
