-- MySQL dump 10.13  Distrib 8.0.18, for Win64 (x86_64)
--
-- Host: localhost    Database: ntic
-- ------------------------------------------------------
-- Server version	8.0.18

/*!40101 SET @OLD_CHARACTER_SET_CLIENT=@@CHARACTER_SET_CLIENT */;
/*!40101 SET @OLD_CHARACTER_SET_RESULTS=@@CHARACTER_SET_RESULTS */;
/*!40101 SET @OLD_COLLATION_CONNECTION=@@COLLATION_CONNECTION */;
/*!50503 SET NAMES utf8 */;
/*!40103 SET @OLD_TIME_ZONE=@@TIME_ZONE */;
/*!40103 SET TIME_ZONE='+00:00' */;
/*!40014 SET @OLD_UNIQUE_CHECKS=@@UNIQUE_CHECKS, UNIQUE_CHECKS=0 */;
/*!40014 SET @OLD_FOREIGN_KEY_CHECKS=@@FOREIGN_KEY_CHECKS, FOREIGN_KEY_CHECKS=0 */;
/*!40101 SET @OLD_SQL_MODE=@@SQL_MODE, SQL_MODE='NO_AUTO_VALUE_ON_ZERO' */;
/*!40111 SET @OLD_SQL_NOTES=@@SQL_NOTES, SQL_NOTES=0 */;

--
-- Table structure for table `absence`
--

DROP TABLE IF EXISTS `absence`;
/*!40101 SET @saved_cs_client     = @@character_set_client */;
/*!50503 SET character_set_client = utf8mb4 */;
CREATE TABLE `absence` (
  `code_seance` varchar(10) NOT NULL,
  `id_etudiant` int(11) NOT NULL,
  `numero_absence` int(11) NOT NULL AUTO_INCREMENT,
  `date_absence` date DEFAULT NULL,
  PRIMARY KEY (`numero_absence`),
  KEY `fk_Seance_has_Etudiant_Seance` (`code_seance`),
  KEY `fk_Seance_has_Etudiant_Etudiant` (`id_etudiant`),
  CONSTRAINT `fk_Seance_has_Etudiant_Etudiant` FOREIGN KEY (`id_etudiant`) REFERENCES `etudiant` (`id_etudiant`) ON DELETE CASCADE ON UPDATE CASCADE,
  CONSTRAINT `fk_Seance_has_Etudiant_Seance` FOREIGN KEY (`code_seance`) REFERENCES `seance` (`code_seance`) ON DELETE CASCADE ON UPDATE CASCADE
) ENGINE=InnoDB AUTO_INCREMENT=65 DEFAULT CHARSET=latin1;
/*!40101 SET character_set_client = @saved_cs_client */;

--
-- Dumping data for table `absence`
--

LOCK TABLES `absence` WRITE;
/*!40000 ALTER TABLE `absence` DISABLE KEYS */;
INSERT INTO `absence` VALUES ('2',15,57,'2020-05-07'),('2',15,58,'2020-05-07'),('2',15,59,'2020-05-07'),('2',14,60,'2020-05-07'),('2',14,61,'2020-05-07'),('2',12,62,'2020-05-22'),('2',14,63,'2020-05-22'),('2',15,64,'2020-05-22');
/*!40000 ALTER TABLE `absence` ENABLE KEYS */;
UNLOCK TABLES;

--
-- Table structure for table `admin`
--

DROP TABLE IF EXISTS `admin`;
/*!40101 SET @saved_cs_client     = @@character_set_client */;
/*!50503 SET character_set_client = utf8mb4 */;
CREATE TABLE `admin` (
  `id_admin` int(11) NOT NULL,
  `date_nomination` date DEFAULT NULL,
  PRIMARY KEY (`id_admin`),
  KEY `fk_Admin_Utilisateur` (`id_admin`),
  CONSTRAINT `fk_Admin_Utilisateur` FOREIGN KEY (`id_admin`) REFERENCES `utilisateur` (`id_utilisateur`) ON DELETE CASCADE ON UPDATE CASCADE
) ENGINE=InnoDB DEFAULT CHARSET=latin1;
/*!40101 SET character_set_client = @saved_cs_client */;

--
-- Dumping data for table `admin`
--

LOCK TABLES `admin` WRITE;
/*!40000 ALTER TABLE `admin` DISABLE KEYS */;
/*!40000 ALTER TABLE `admin` ENABLE KEYS */;
UNLOCK TABLES;

--
-- Table structure for table `changementseance`
--

DROP TABLE IF EXISTS `changementseance`;
/*!40101 SET @saved_cs_client     = @@character_set_client */;
/*!50503 SET character_set_client = utf8mb4 */;
CREATE TABLE `changementseance` (
  `code_seance` varchar(10) NOT NULL,
  `nouveau_jour` enum('dimanche','lundi','mardi','mercredi','jeudi') NOT NULL,
  `nouvelle_heure` enum('8:30','10:00','11:30','13:00','14:30') NOT NULL,
  `etat_demande` enum('valide','refuse','nonTraite') NOT NULL DEFAULT 'nonTraite',
  PRIMARY KEY (`code_seance`),
  CONSTRAINT `code_seance_demande_fk` FOREIGN KEY (`code_seance`) REFERENCES `seance` (`code_seance`) ON DELETE CASCADE ON UPDATE CASCADE
) ENGINE=InnoDB DEFAULT CHARSET=latin1;
/*!40101 SET character_set_client = @saved_cs_client */;

--
-- Dumping data for table `changementseance`
--

LOCK TABLES `changementseance` WRITE;
/*!40000 ALTER TABLE `changementseance` DISABLE KEYS */;
INSERT INTO `changementseance` VALUES ('3','mercredi','8:30','nonTraite'),('4','lundi','11:30','nonTraite');
/*!40000 ALTER TABLE `changementseance` ENABLE KEYS */;
UNLOCK TABLES;

--
-- Table structure for table `chefdepartement`
--

DROP TABLE IF EXISTS `chefdepartement`;
/*!40101 SET @saved_cs_client     = @@character_set_client */;
/*!50503 SET character_set_client = utf8mb4 */;
CREATE TABLE `chefdepartement` (
  `id_chef_departement` int(11) NOT NULL,
  `date_nomination` date DEFAULT NULL,
  PRIMARY KEY (`id_chef_departement`),
  KEY `fk_ChefDepartement_Enseignant` (`id_chef_departement`),
  CONSTRAINT `fk_ChefDepartement_Enseignant` FOREIGN KEY (`id_chef_departement`) REFERENCES `enseignant` (`id_enseignant`) ON DELETE CASCADE ON UPDATE CASCADE
) ENGINE=InnoDB DEFAULT CHARSET=latin1;
/*!40101 SET character_set_client = @saved_cs_client */;

--
-- Dumping data for table `chefdepartement`
--

LOCK TABLES `chefdepartement` WRITE;
/*!40000 ALTER TABLE `chefdepartement` DISABLE KEYS */;
/*!40000 ALTER TABLE `chefdepartement` ENABLE KEYS */;
UNLOCK TABLES;

--
-- Table structure for table `congeacademique`
--

DROP TABLE IF EXISTS `congeacademique`;
/*!40101 SET @saved_cs_client     = @@character_set_client */;
/*!50503 SET character_set_client = utf8mb4 */;
CREATE TABLE `congeacademique` (
  `numero_conge_academique` int(11) NOT NULL AUTO_INCREMENT,
  `id_etudiant` int(11) DEFAULT NULL,
  `fichier` blob NOT NULL,
  `etat` enum('valide','refuse','nonTraite') NOT NULL,
  PRIMARY KEY (`numero_conge_academique`),
  KEY `fk_CongeAcademique_Etudiant` (`id_etudiant`),
  CONSTRAINT `fk_CongeAcademique_Etudiant` FOREIGN KEY (`id_etudiant`) REFERENCES `etudiant` (`id_etudiant`) ON DELETE CASCADE ON UPDATE CASCADE
) ENGINE=InnoDB DEFAULT CHARSET=latin1;
/*!40101 SET character_set_client = @saved_cs_client */;

--
-- Dumping data for table `congeacademique`
--

LOCK TABLES `congeacademique` WRITE;
/*!40000 ALTER TABLE `congeacademique` DISABLE KEYS */;
/*!40000 ALTER TABLE `congeacademique` ENABLE KEYS */;
UNLOCK TABLES;

--
-- Table structure for table `departement`
--

DROP TABLE IF EXISTS `departement`;
/*!40101 SET @saved_cs_client     = @@character_set_client */;
/*!50503 SET character_set_client = utf8mb4 */;
CREATE TABLE `departement` (
  `code_departement` enum('MI','TLSI','IFA') NOT NULL,
  `id_chef_departement` int(11) DEFAULT NULL,
  PRIMARY KEY (`code_departement`),
  KEY `fk_Departement_ChefDepartement` (`id_chef_departement`),
  CONSTRAINT `fk_Departement_ChefDepartement` FOREIGN KEY (`id_chef_departement`) REFERENCES `chefdepartement` (`id_chef_departement`) ON DELETE CASCADE ON UPDATE CASCADE
) ENGINE=InnoDB DEFAULT CHARSET=latin1;
/*!40101 SET character_set_client = @saved_cs_client */;

--
-- Dumping data for table `departement`
--

LOCK TABLES `departement` WRITE;
/*!40000 ALTER TABLE `departement` DISABLE KEYS */;
INSERT INTO `departement` VALUES ('MI',NULL),('TLSI',NULL),('IFA',NULL);
/*!40000 ALTER TABLE `departement` ENABLE KEYS */;
UNLOCK TABLES;

--
-- Table structure for table `emploiedutemps`
--

DROP TABLE IF EXISTS `emploiedutemps`;
/*!40101 SET @saved_cs_client     = @@character_set_client */;
/*!50503 SET character_set_client = utf8mb4 */;
CREATE TABLE `emploiedutemps` (
  `numero_emploi` int(11) NOT NULL AUTO_INCREMENT,
  `emploi` blob NOT NULL,
  `specialite` varchar(10) NOT NULL,
  `id_chef_departement` int(11) DEFAULT NULL,
  PRIMARY KEY (`numero_emploi`),
  KEY `fk_EmploieDuTemps_ChefDepartement` (`id_chef_departement`),
  CONSTRAINT `fk_EmploieDuTemps_ChefDepartement` FOREIGN KEY (`id_chef_departement`) REFERENCES `chefdepartement` (`id_chef_departement`) ON DELETE CASCADE ON UPDATE CASCADE
) ENGINE=InnoDB DEFAULT CHARSET=latin1;
/*!40101 SET character_set_client = @saved_cs_client */;

--
-- Dumping data for table `emploiedutemps`
--

LOCK TABLES `emploiedutemps` WRITE;
/*!40000 ALTER TABLE `emploiedutemps` DISABLE KEYS */;
/*!40000 ALTER TABLE `emploiedutemps` ENABLE KEYS */;
UNLOCK TABLES;

--
-- Table structure for table `enseignant`
--

DROP TABLE IF EXISTS `enseignant`;
/*!40101 SET @saved_cs_client     = @@character_set_client */;
/*!50503 SET character_set_client = utf8mb4 */;
CREATE TABLE `enseignant` (
  `id_enseignant` int(11) NOT NULL,
  `grade` varchar(20) DEFAULT NULL,
  `code_departement` enum('MI','TLSI','IFA') DEFAULT NULL,
  PRIMARY KEY (`id_enseignant`),
  KEY `fk_Enseignant_Utilisateur` (`id_enseignant`),
  KEY `fk_Enseignant_Departement` (`code_departement`),
  CONSTRAINT `fk_Enseignant_Departement` FOREIGN KEY (`code_departement`) REFERENCES `departement` (`code_departement`) ON DELETE CASCADE ON UPDATE CASCADE,
  CONSTRAINT `fk_Enseignant_Utilisateur` FOREIGN KEY (`id_enseignant`) REFERENCES `utilisateur` (`id_utilisateur`) ON DELETE CASCADE ON UPDATE CASCADE
) ENGINE=InnoDB DEFAULT CHARSET=latin1;
/*!40101 SET character_set_client = @saved_cs_client */;

--
-- Dumping data for table `enseignant`
--

LOCK TABLES `enseignant` WRITE;
/*!40000 ALTER TABLE `enseignant` DISABLE KEYS */;
INSERT INTO `enseignant` VALUES (1,'Professeur','TLSI'),(2,'Professeur','TLSI');
/*!40000 ALTER TABLE `enseignant` ENABLE KEYS */;
UNLOCK TABLES;

--
-- Table structure for table `enseignement`
--

DROP TABLE IF EXISTS `enseignement`;
/*!40101 SET @saved_cs_client     = @@character_set_client */;
/*!50503 SET character_set_client = utf8mb4 */;
CREATE TABLE `enseignement` (
  `id_enseignant` int(11) NOT NULL,
  `code_seance` varchar(10) NOT NULL,
  PRIMARY KEY (`id_enseignant`,`code_seance`),
  KEY `code_seance_fk2` (`code_seance`),
  CONSTRAINT `code_seance_fk2` FOREIGN KEY (`code_seance`) REFERENCES `seance` (`code_seance`) ON DELETE CASCADE ON UPDATE CASCADE,
  CONSTRAINT `id_enseignant_fk2` FOREIGN KEY (`id_enseignant`) REFERENCES `enseignant` (`id_enseignant`) ON DELETE CASCADE ON UPDATE CASCADE
) ENGINE=InnoDB DEFAULT CHARSET=latin1;
/*!40101 SET character_set_client = @saved_cs_client */;

--
-- Dumping data for table `enseignement`
--

LOCK TABLES `enseignement` WRITE;
/*!40000 ALTER TABLE `enseignement` DISABLE KEYS */;
INSERT INTO `enseignement` VALUES (2,'1'),(1,'2'),(2,'2'),(1,'3'),(1,'4'),(1,'5');
/*!40000 ALTER TABLE `enseignement` ENABLE KEYS */;
UNLOCK TABLES;

--
-- Table structure for table `etudiant`
--

DROP TABLE IF EXISTS `etudiant`;
/*!40101 SET @saved_cs_client     = @@character_set_client */;
/*!50503 SET character_set_client = utf8mb4 */;
CREATE TABLE `etudiant` (
  `id_etudiant` int(11) NOT NULL,
  `annee` enum('L1','L2','L3','M1','M2') NOT NULL,
  `specialite` enum('MI','GL','SI','TI','SCI','STIC','STIW','RSD') NOT NULL,
  `section` int(11) NOT NULL,
  `groupe` int(11) NOT NULL,
  `etat` enum('actif','bloque') NOT NULL,
  `code_departement` enum('MI','TLSI','IFA') DEFAULT NULL,
  PRIMARY KEY (`id_etudiant`),
  KEY `fk_Etudiant_Utilisateur` (`id_etudiant`),
  KEY `fk_Etudiant_Departement` (`code_departement`),
  CONSTRAINT `fk_Etudiant_Departement` FOREIGN KEY (`code_departement`) REFERENCES `departement` (`code_departement`) ON DELETE CASCADE ON UPDATE CASCADE,
  CONSTRAINT `fk_Etudiant_Utilisateur` FOREIGN KEY (`id_etudiant`) REFERENCES `utilisateur` (`id_utilisateur`) ON DELETE CASCADE ON UPDATE CASCADE
) ENGINE=InnoDB DEFAULT CHARSET=latin1;
/*!40101 SET character_set_client = @saved_cs_client */;

--
-- Dumping data for table `etudiant`
--

LOCK TABLES `etudiant` WRITE;
/*!40000 ALTER TABLE `etudiant` DISABLE KEYS */;
INSERT INTO `etudiant` VALUES (3,'L2','MI',1,1,'actif','MI'),(4,'L2','MI',1,2,'actif','MI'),(5,'L2','MI',4,16,'actif','MI'),(6,'M2','GL',1,1,'actif','TLSI'),(7,'M2','RSD',1,2,'actif','IFA'),(8,'M1','STIC',1,3,'actif','IFA'),(9,'L3','GL',1,1,'actif','TLSI'),(10,'L3','SI',1,2,'actif','TLSI'),(11,'L1','MI',1,2,'actif','MI'),(12,'L2','MI',3,12,'actif','MI'),(13,'L3','GL',1,3,'actif','TLSI'),(14,'L2','MI',3,12,'actif','MI'),(15,'L2','MI',3,12,'actif','MI'),(16,'L2','MI',2,9,'actif','MI'),(17,'M1','GL',1,1,'actif','TLSI'),(18,'L2','MI',1,1,'actif','MI'),(19,'L2','MI',1,1,'actif','MI'),(20,'L3','GL',1,1,'actif','TLSI');
/*!40000 ALTER TABLE `etudiant` ENABLE KEYS */;
UNLOCK TABLES;

--
-- Table structure for table `justification`
--

DROP TABLE IF EXISTS `justification`;
/*!40101 SET @saved_cs_client     = @@character_set_client */;
/*!50503 SET character_set_client = utf8mb4 */;
CREATE TABLE `justification` (
  `numero_justification` int(11) NOT NULL AUTO_INCREMENT,
  `numero_absence` int(11) NOT NULL,
  `fichier` blob NOT NULL,
  `date_justification` date NOT NULL,
  `etat` enum('valide','refuse','nonTraite') NOT NULL,
  PRIMARY KEY (`numero_justification`,`numero_absence`),
  KEY `fk_Justification_Absence` (`numero_absence`),
  CONSTRAINT `fk_Justification_Absence` FOREIGN KEY (`numero_absence`) REFERENCES `absence` (`numero_absence`) ON DELETE CASCADE ON UPDATE CASCADE
) ENGINE=InnoDB AUTO_INCREMENT=5 DEFAULT CHARSET=latin1;
/*!40101 SET character_set_client = @saved_cs_client */;

--
-- Dumping data for table `justification`
--

LOCK TABLES `justification` WRITE;
/*!40000 ALTER TABLE `justification` DISABLE KEYS */;
INSERT INTO `justification` VALUES (3,59,_binary '\\\0JFIF\0\0H\0H\0\0\\0C\0			\n\n\n\n\n\n	\n\n\n\\0C\n\n\n\n\n\n\n\n\n\n\n\n\n\n\n\n\n\n\n\n\n\n\n\n\n\n\n\n\n\n\n\n\n\n\n\n\n\n\n\n\n\n\n\n\n\n\n\n\n\n\n\000\"\0\\0\0\0\0\0\0\0\0\0\0\0\0\0	\n\\0H\0\n\0\0	!1\nA\"a#2Qq4$BR%3Sbr\Dc\\0\0\0\0\0\0\0\0\0\0\0	\\0;\0\0\0\0\0\0!1AQqa\"2r\#BR\Sb5\\0\0\0?\0RE\0)@)JP\nR>\م<J\\kd:\7\\\\m4:z~<5nf\8\07e/p>A0\\gf&\]2\_3cjorW\\\0-{7e5\\\{x˼~T{\nN>\\\?Ֆ\e5\\`*q\\0\ -<2\'\n:_\=\\7T	$\\\k<{s,%?֤\xJT\L\bxE\/h;@\'N\޿|[]\\g6m\r\ƣ㩡\\T!\f6TV\\\m\+\\gs\h>d\As?B`^\QġQ_\[|)m?S7/<\n\\\ܩM؅ۏaС\Ω5~]\cOc-q\\\ar@0\Lmb\ֹ>J$J\0?_+=&ڣMQ\'\n<vrW\\rOD4_\\\\\yE\\0%\\_Ge+~\Z\(\\jޑ\>G\h2\\7\rw\|]\;?H\\2}j\\\|g?l/cKJ\\hz\X#\0x\?nj[<{\Zx\\Z-D\z*M\'c\\'vQH\累]8\\mn\}GjJǒ[t\qU	2rWI\\\\{i$\.u<r[!FV\0kC\'^*\C˟z\RYP0?k[>ȟm^yO6z%R2f%OMk+,\-dhJY{A\nmz\;LD}\m9C\cK\\rG\\b?:MԆ\P􉼹\r1rO\\o\"N8%_\5\U\Q\\}0\R;N˿\okO$r=_\\Z\-\m\r\\SU\I\?\0\\5^\\fzi\ؕ\\/;U\\{I\&l]\T_)JVj)JP\nR\0)@)JP\nR<{x<Cos\\\\m)ƥ\\3O\\+\c1<2\c4\0W\jriidQ\Z\WR!\8\_V}uC!4\WKY\Q\\qʯ3\?\\A#\!#6\\y{[7\"\\'۫Km\\y68f\\4ҺNZi,8\|?j\J8TD@`\0\0T\ׅ*$Zj\\}s\$MK\"{97\\0\\\wJ\\0\v+Se\&5\0)ԎC\+,}6HbE\n\Z\0\0q+\*O\}֧TԴԌ\D\jwy\AT	#\NI:!aJ:W\\nR\\\'hJmoN5\mMb\{\\g+2[+✇Ԣ$\w\\\h\\\#ֻ1˄\L\\\\K۹B\\\:\ʖA\`\ӧ^\]:\z\VNA},6\\\UA\\ O2r>\]JFV4ߍ\Χ7w=/.Է\w\\di\0T*$j\"*\0͝;uڏ}\\[\ߘ\e\J\o>\\\0lO#IuV\/N{t\\S\Z/9Xۏ\^-\@Nd\}ʺt,sM\0)@\\P=\)@zYLN37e&;)aͼ\RXf@\\GH>\\Q\0\ӯ\\R\wZ\\v36y?[\"UT|\b<*\\?\\\y-M%5[;2\ˈXv*-Ӻ7\'Լ\bB}lv\균}Tp\\$nX[|}\7܀O G\'ďz~^_v\\\rzVCn6\f7ܥOx\aP\麋a}]\"\"\\6\\ϕ&\i#\ё<,f\ru\\%/\\ӗ(Ne9RH*r!ι௿5\fy5\Zu\X\\=\\C5Jr#\\AH\^\C\\j\IG,SƒF\T8)_\0)@)JP\nR?hɮHR=ɬ\ЗB;\\{`\\rǈ`V}Cck-\\>\\"\\˖e#3U؆\tP\\ؙ\>{=\\\\\7\\/{9K\\u =\̀N%\\XT؋gޞ;xiX\DԺ\\&[ZdJ9d\\Z~T\\\\\t6\r\\kI\-p\\	\0{s>\ެ5{\'jO$\8oI\\c\nRQ9cMYlWx\0*HS\0)@)J\N]v\\0v\X\]\\\.\;G\Q\FyQ\nC%>)\y\J)\nI]v\\0v\X\]\\\.\;G\Q\FyQ\nC%>)\y\J)\nIK\}s\\o\\\\M5-]\s9)<C\\0DU\n\Z*\\\\\\~u\՚9RM!\0¢*D@DEUP@@)JP;\úwQ]ޝk-\Z\ˆ[-AdO\̜pF\24\ӧ^\]:\z\VNA},6\\opת\ew\'ә9r]#+\Z6V\\ԇjΣ\7cn\\b2rEk5\\,oh\0}9\ɌS-1dw\+\kqd\\;6\i\x+\\\\Mf-8\4K\'\\bs\'/\'()J\\2\kP\ZQ\\]k\\5\ZOr`\쭇eG\r\c^?`\\'ĕ\Z=Jͽ=#n\Kd\Fφ\cCw	$%\|KxaH\|\\n\%;,6JiWi\nU*OM\0~\*\oX~\Z\'fO%\\\]1\\\\*,\SÁU\\>ƃ=\0\\\{z\\ݒ\\ \\b\\\+jI	q9SO\nJı㊭fJy9%Mw\Ewe]#\3EMhRgR\\PO\ހ0\t\\T\F\\\x\8\\sq#4Q\\\\ZvM\`xtMD\Uv\"!}$}io~\'aS\y<\\\\کK\0DՉUPY4\v\v\|~\\u常\9\\+xTB>\S@QϹ8\\'m-1\çXpk{k\{\;\i\o\k|0e1w\y\0#V6\?Q\I\\pQnKGH\JH\V_S/w\~\OTE)JJRR\\iM\\ƱԻͩ]vy%~Ke`|SRd0\\iM\\ƱԻͩ]vy%~Ke`|SRd:\\\S{ߍחڛVj[\\\rRyI4\\0\n5U@U\07\}s\\o\\\\M5-]\s9)<C\\0DU\n\Z*>:Ry`k\\&IX\E嘓\0@ k\\\&I*F\bO\0\0>MX\\\p\\8p}~u\\;\\\66\\rG?0>O\r\\_!d\r,w\}\HA]6G{|\f#٘z\&R()JJRR5۸n\%W;a KՊƔ\\ۆ\]\0$\\\f\vEތ\\onlns?-\r\\'N\ z8p\!YYEڴl7p=51AZJ\[)\x\K	XxK\\$	!K\쭸E\bO\O4\ρv\I\\h+]$*\N\)ԭY$Ms\׷\\t\fM\<UŎCu%\-F\^7F\0+>\+\s\UZ)\0\\\\uR\)JP\M_\y\\\\/,I%n\\\0hAI/>rx\>\D\"Q\]\\\b\x\<\\\\yFf+}rV\z_͆\,1ػ8l,\"	ơ4Q쪪\0\0|S<-jlZR|9O\Tɇ蟓ޙȩ\w3\0\0|\nR)JJRR=\\wi\m\\1{.=L\\<-ʌS\\>\\\+\\]6\\Ro6v\\=\\3ʌR-ՁNC\\QHUH\_ﻝM\\{~7\^_jmYo\3\I\$\`\0*\"TH\DUUT\\]\\NC7[ٮ:Uj;\f\2?TQ@TP@P\0ZJRR巂k\\&I,q\\\0\\x&-\gFhx\0y}8N[Bɮ\X\omH\r\m}\\\3~ہ\\p\\0}~uMy\"\}}Ԁ\\\\\\ᣈ\0f	()JJ\\W,R]Hj\c\yek\Rc\#pI\'E\UUVJ\\s\5\'qהz\rl࿰O/\\\}_~`A@[~{y\ϹNXΣq\߈\\\_\o%\`^A9Y*\v()J\\2\'\\\Ҁ-\0p-i=\Vai\\$9 -\|\\c\'\\7r6I\\Ò\g1\X\\.W緕\nHb*\ź+\]Uv:͋O\\L\?+7\' \0]xh\5\)|.\ܿ\\m\\Q-\\Zg\Z\0m\`P}\*t\pq\<V\v\\u\ڼՊϦNsral\L\'VRG\gS&\r\i\\zk\r{\cjzn\M\\	\;\ry\\WnI9c\X-Y?\\\17T\ ?x?ҼX\\il#Ɗ8\0\nr<󫖖:Zv\͍L\+\\0x\PG+tLRA()Q\\{\v\\\ͽ7R\\ƙ\\\ܨ\_<@\\\iH\"\\6\m\KڗϦ4̏\\FJ)\bN.CL\@\\jsɺ=B\w{7\\\5.ԙ\\y\u3}\\T\0Q@TUUP@\r\\M\\tsٽz\!uV\=\o7\k\~ʠ\0\0zJRR巷\dFh1<\0\04\	[khI$`ƪK3\0V<q>Hv\\\_:!dג,w}\H]46##ٛ\N\'Ӊ[\\\D,Eo\'\0+\\\F\7\٣\0f	()JX7/pNkt\\GM\\}0a֥Z;~\LvV<\n	$𨡝ʢpN\9v\\\)ԏR:\N`\\\nv1\ZFH$¢weEf\}\\0\\}F]o\\0	[h\ep\aK!<\nҰʋhs{uu\\.>\Imtm\5-Ȇ xVrJ{*,qҔ\v\\o\okm7\a2ǅ\\j\0ܘ&^X\0c\\Y\\\ӸgN\:r\uӆEgpwl\nwQ|y0\dRTy\\ߨ\\=F\o\\e{;}_/\'e\60L>.`DǑʳv\V	\\\3N\9c:\S~\"\\3+U߅K;>r)WBU\@)JP\nRG\QDgޏ\}4v$M\)9yl^\UT\\@{HS5\\E\+iPWLDa\+\A\ryk)YL\n\\^\@nE\Ӫf8=\\\YH]uv&y\r\\\I\1\\\G<\ }<\\Z[=\\\rtdj9:`#\Stt?O\Z\?\\\e\\fYKyܴ\\\t5\\6SQe\0K7\\\1\K+UQ@m6;\oM+c4\JgN\\zz\`<ӿ,MJ0t\\\_P\8hp6\\'N\\_\dn\\OUq)@)JPf\!\eM\\\%\d6!dog$\x\\1\K\\F=oj{>&CW\~B|#sgV6ܰdD\\n#\\0\"(1X7o\黩\r/}\3\6V\0|\m$ HA\]K#Ve Q֕]ϻauڳ˭\|g\\~ƍ\VV\:0h\\E\VX	-\\\\\@)JP\n\>\]Yt\op\%jm$zKړ\rYզ\\\\\.}xY<X\I)\\P\њ\I\6\k\ls8L͔W.\gC\,R!*\\A\Z\?O\mj\>z\_fv/5})4\Z2\F宭\r\j\KMn\,c\\&ƌ\ZOq3_hKc\l\ewK=崊9b	WFR`x \)JXc:v\\Ӿ_^ur\\\, {\\\)1YZDHf\\UP\\Q=vu\ӷnJ\'\/aao\\Rb\\\'\UP\\QBwU\+Q3\&\6;i->gY3\\\*e\0\0D4\\\\0\L\\\e\Z4\#FAt^\N\\!\UҰ\Z&R\0)@lk\\@v\^\6S%-\2w\Y\\Y\,xnZ	}Ih\nZ\'<U\=\ӯqq=Jt٫E\' Kqⷸk\Pe\̜WR+g{XwN\+QVӲ\1\\]yp\e,߀}91Nh؟fF7\-\_^:\Z\\ԧM_\r\d+{U[+>\\u*\YX\JRR\"\\YzCW;\jc6%$s+\PO5l:z\Q\\\\]s˝\W	G\";\_R\ON7jO\4lC+\\$52lzy\\8nXfKl@\_K\\k\\\\\_y\\\\Q,QS\\\Gh\"\{*T\\R2ۇ8\r%i\\\\ܙ=\\\0Nju\\\Hp	ʫᨥvu\:/\\Zޫ}P攥I\DR{?G;Զ\v\	\-\Gm/\'!\\\\)_YՒ?&P\0)@`\\r\UӞS\\|͇\\[R#\*Au,\#\0l{Vuu;\^:\ԸѺ\\ݖ\P؆\0M<J\%b=\\Z9\5{v\ϹONYN\\\w\|Ţ\\\\NU\*\Y23)\ڳԛ&\\%oq}0\hz\>\\n\KFX{2H\@)JP\n\\\\ݶmL=Of/;{q#r\V\9gf%_pI1\\E(h\eIc5Զ9f\+\F_t\\[H\)te \rb:\\۷WN\~z\\\Ұ{\\\)1YZDHf\*grµ~\\\.qi\b{^=\L!\\\uVWeP\eB\Yuu^u>o-c\\C\;{,0>+\\\Y\\r#\0\0TH\@\;݃yo\4DYܳ\`,^xg2\@i\0G\Zj)@)JP\nR2v\^߯8v3\m\#\y|9?\~\>???\@aR;uڏ}\\[\ߘ\e\J\o>\\\0lO#I\۠:u\5Ӯ\'N5h\\\\cn<V\rzWq}9*\Uв2el\k\\Ev\*\zvV\;}k.l>2r\)-\\\F\]~\ӧ^\]:\z\VNA},6\\opת\ew\'ә9r]#+\@(IƔ<W,4l9R8D\\߸\\6+H\\lH*Z\y/\nի@\}\\]1\\{[E\rI\WT\Ը3>\/QQlWInک稽.ΡƮUfbV\O\mҟQ\a\mӒ\\\\θLxb=\+[HO\<\\Zpk@~,2\d\\2\\\\\o<\kfbGli&\Wȩ\2D9+A;\w\\>қC\ӍcwSXh\yGe\FJ)\!\u(*\${B;\w\\>қC\ӍcwSXh\yGe\FJ)\!\u(*\$u1\\0\>77\nCP\\rC7\\\ߵ_o8\0**\n\\\u7\ߝy}fk\g%\'H}\0pQ#PUTP\P@p\w@}}kc\\\N\0Ԋ\0X\/dc\}\\{+[<\U [i\\VH\2:7X{<ՎO\-\_Z\c\qv;}YI\ZG\}\c\0V>p&\0)@a\۸N\~\+\dWհ*^\\UH\R2r}*\Y2;)Wu^\]Ev\&}\K\E\\Z\\ْ\?dO:y(KF\Y\Z9\uz\\On\;ek\WHG\r_V\\0{U\"+\IH>\\\)dp\\\n4ҶjOu>\o%\"\\hogl\eV\y\'ҝ<K%b,\\0)@)JP\nR;\|uor][g\\S{\6\\oe-\rƳk[v2Z\\/ \x@}>O\Kl\s}ؼ-\塸\w\rknÆKU`Vk$>~o\rb\j\C5\+\\ZLb\\\/\~\\}?\\Ǐ\\\\Ic4\V8l&\+,N\'j[\\ơ#(\DU\0v\V?Tv\\WS\\fb@Z{q#p\͘\*HS\\E=_Wi-/GCk9c\e\e\\V=弊RHeWFRAR Uo>QۗT\M\\1{\nT\Z.\F\m\c\=1\rT\\)\JP\nR\\\Wj>eo\\0~cֺ*\\PY+\\0s\',bѱ>̍$oon\׸\N:lբ\0_K%[\5\2\]\	\NGܫWB\\ƍ;uڏ}\\[\ߘ\e\J\o>\\\0lO#IuV\/N{t\\S\Z/9Xۏ\^-\@Nd\}ʺt,sM>H\\\gۍ\ċ\\8us(?q\K\`O}6\"\|\/98\\\\9Z\\#I-Rv~\0En\\M\"tr*s\'=ض\\fx{s6^\0okJ~ܫ\;Q\HO\-x\0ƷX?z~,z\Z<a\\[\\\_\0Қ\r\+N\\\Xj]\\\.\;G<Q\FyQ\nC%>)\y\J)\nIK\}s\\o\\\\M5-]\s9)<C\\0DU\n\Z*-\+\wk\\&[5\jGk\;\\,1\Agf\'\/uZH\~\F\ǻ\\ߍfkL\#\8 9WFR)(\\\J\'\G)@+\\̗64oGFᔃ\ ^*P@q>\w@}kuMw\Z\cۃ\0\c/9Oec\pgʠD\k2\\[J\$l\Z7F\\>}8Q\;.\Ǯ\X\vp\0.Q\\a{#kR\=	)@)JPg\v\)Ӷ_t\p\l/\\n{\R\"\L~\nG\j\W_Q=f\\p9\C\k;fK,k\>\\X	-Adx\{z\\_Nݺv\+Ԟ\\n\\/YI\\\"G3!UC;Df\n\\S\Dϼ\|q\sKoE\=ɘ\VwS,\\08\\r^)@)JP\nR}=\0O\M,\w}ؼ5塸\w1?\rknÆKU`Vk$>~o\r4n\{s@\6e\'X-\\\P\h*\Aڳ֭釩\\gbWҗOq.e~Z\\G,Ĵ\\\	2\<\kL\\eIc5Զ9f\+\F_t\\[H\)te \r\R\\\#\hms\s\\ylVN\gJI*\\H*A+UO\\\=uM\T,\o\\\|\\W7o;Y\وXn>~4T\5v\\0J\6\v9.^\[<+%j\\[ȅ$X\te$ V\S\\\]uU\T-ao\\\KOq\$n\v<\3\7%IH|`\"\0)@l\k\\Ev\*\zvV\;}k.l>2r\)-\\\F\/N{t\\S\Z/9Xۂ{U[+>\\u*\YX\\'ko-`l0;ko-1ǩ3\(\r#H\/{r\鯦\$,18rY+{e[۹@\E\nT<\#\P\\?P\g7\\0[\+A~\\v\\6$\0hjL^G/\k\s*Kpkgoo\l+필/\n\[\\7O/\[\0梛\P\x1n6\Kp^\\6LR߹դH\<d?̚<$Di*\x\\'ȫ\rT9\\\hm	Ժqlt\i]^\c\ߕ٘\\\i#)[BP\}#wzd\\\\΃\ZLߵg\r\Hd\9WFR)(\\\J\'\\\Z\v:N-\m5bˣ\\\c\\3\غ$rT\}#wzd\\\\΃\ZLߵg\r\Hd\9WFR)(\\\J$)@+\\ֳʹh\Fᕁ\G\T,\}Gpo8>:\\#\\\O\\E\0,v1ㅎS#\X\\\ֳʹh\Fᔃ\ V=p7\\\'_:\cבv[}99]J\F\G\37Uz\믧n\];e\OX.7_J\\\\\s\ei#ՙOʢ3]u\۫lRI\\\q\\XX[\b\"$z?\rT3TFaP\\z\\Lɼ͎cK},\Y\L<zg 4\0Q#\0wT\\Wvg\M\lv\[\}gr\ef\y\՝T\9`\0\niԥ\0)@)JP\nR;\wm[g\Sً\\\毿e/\\F\\HܵպY\Yi\\ey\cJ\3Yi=\\X\}u-g\\,\(x\D%]H!\]UG\wm[g\Sً\\\毿e/\\F\\HܵպY\Yi\\ey֘њ\I\6\k\ls8<͔W.\gC\,R!*\\A\Z)@+\\GK\+\\\M\\0)l򸬝\oyo\")cpUєT<WiJP\۪{qjީzZ\_f631}\ͲOq\%n\v<\3\7%IH|hj#J\6\v9.^\[<\'\'j\\[ȥ$X\te$ 	VϨK\\\=U\T\,\o\\\\E\H\-\ygf!anJ\"<EUl\k\Ew[\*\evZ\alw\Z\Z\[3Yi&b=G\Rg\P\ZF\Qd8\c\è\E[\\\-\Z\[\vk-?d\Gq\L0\0CH,%\n\3Nܝ;bzk\IM,V\޲-\ܠRg`QtӧnN=5٤&}\\J\+^\oY@\P3TPQUFi(9?j\'4\\k\'%~9\\_%b8 \A}X%\\\G/\\g9i\*O\0X\#Z\U\\ğh՘DrnkM\L8N7/i\n\%k	\\\\\\\0N	W^\[\\ܗl5M\\Ee\`d\0n|lGH_\|\x0BKlF筪㬘\\\~9uB\'\3Z\暗\\)J\\\hm	Ժqlt\i]^\c\ߕ٘\\\i#)@P\}#wzd\\\\΃\ZLߵg\r\Hd\9WFR)(\\\J\'\\\Z\v:N-\m5bˣ\\\c\\3\غ$rT\}#wzd\\\\΃\ZLߵg\r\Hd\9WFR)(\\\J$)@+\o<ֳ-ʹh\V!\G(\է_}`u\4\5D\c\i\ʼ[@\\\'\,\\\8\t\0)@)J\\\ս\umSNa\\\\7\Z\\6\m\p\j\n\p\g\\\\\9\\\\\}\!\{-h\\e1\\5%\6^2?SޣE=ջUu\oy,NGin4>d\\+伓\NJ%ѱGG.њOnt3@\5c\al\\qvj8\0TEP\0P8\0V/뻡>t\鯩]\"6E}[\Tm% S\'\'߂\#(\J\꽪\=\L9?\8Kq5%~\X%\JtQ, 4r>P\nR?\)=v?rڃa\@\J\ۖ%>M$c\Iv\0_\\\\\MY\\\W\\\\*\gCG,r)!\y\0}@:ߵ\<C=쇕ͪ\H\\\ܽK@\KMl\,c\YSہ7_C\w/m5f?=\U\\m{m\"X\RC+)@wT(uzHi]\\-\rݎc\-\ڬ)I\"7]IH k>蟦>lJ;Qc\\O}=\\JܴM+40(ؕDD*2\)@)JPr\0Tv宦\wJm\\\q\*+\\\]\\\]HNaS\q2CI!\\\U;ou\uw:;V\MW>?\"?*@Y\\$\n\0\5œv\{\Y{>Z]]]U\zRsa9M?\\/^\\\;I\<4RF`np\[馥Ck\\07>\/\0\}U\\\z:ߧSҦ!\y\0\\\98\\\ȣ\\p3XF\պ\\\\?l{D\\W\nn\;\v%ȕjS\*\8R}\Z\v:N-\m5bˣ\\\c\\3\غ$ro\(\n\Zo\\n\L\}\W\kVi\\\1\\G*\\U\E%YIVu[c\ͳtŽލ/qugrN1\{>\\;^UJ\&\nO[\=\\\\r5\A\xL>Z̿ce WRUՕ`H/JRRJ/\\\Rw1װ!Ԗ#ح?{a\\7ᬭ\\l=\2$h@~\Ww$ն}Ou;\lV\ZQr\\k;ۆa\%+5\Q?7\\Z7Fi=\X\tՎ	\\ڬvH\4Q@@\M4\\,f\:j\\r\YEe\\-V{;x\$qG\Z\0\0\0\0ڀR0\]\	\\SlM}J\\\+\\_/pE{i)ҙ9>e,\+jOu>\o%\\r-,#[\\2Yg앇\^IO%Ih؂#G#\nOqN\_\Q]fY\Ca#6\M7$172~[w|c\nyFe Q\\å&\}K6pWi^v\\S%\\\+,W^Q{fR\'?O\\;ak~:\\3\\y]Z:B\F\\k\Zc\5S\fjP\\\\;z\=\ٜU\\m{m\"Icu$2A\\l>~\\u?Dz3C\5\\\\[͒\\\\A\n\\0(I\\rh=\vic\0\\@)JP\nR\ҿGױ.M\I2io]};h\0\;Ŀ檝\,\M+;\ǒI$\k~\	4?G\{%\>v8\ᅤ\n>\$\#\0޵\n9\V$թ\nlby\\8umfKN\_Ku\'\pOl\hβS\\\\Zo*\]K@f?RS>kYOS\5\rZm\M~Oo3lVޅ\,\\㼶<rh\O 0 h\\\0(\\=Y\ZmLX<^e\W\\e\		>\JZUSV\rf~h\\X~52|nV\)\)JJRTx\\C\\voc\\\\XM1\Os,1\G-$rZbG(΍!Ԡ(W{7==nwe7Cd4֪\Y\\2Mk2ٔ]IWVVRU?/V\\؇k\sn\Ǐ\[ݦ\cSȞ\!^XcoʎZ\"I\\,ĎQ\Z;ǳ{\\\\vSz6CMj5{,\)ֳ/\H!ԕuee%X\ҕ\'?O\;k~z\\p;\qst\汳b)3\\\\<O\\k~\\0;\\\<\1\rcf\`Vg_\3\y46\\;Q1[kO\|V8l6*\`B\qUT\0\0\\ڍ\M\x\\\aVj8@\n\0wT\0+\Km\\s\p\\=\\J\`K\,9\n	,H\0@5v\KduƹԖ8|.\"\[̮W%t[\\ƥ\YDU$\05V\0O\\=\uE\K=,f\p\\\CAq.#~V\u<2Y\0\[\<>_OT\Z\7,\\f\"\Z\\Fܭ\\xdVn%yx$1Q@)JP\nR;Ol;g=ί\׶\\\Zvy\\ۆ\iXp8UwGl\=FwM\6\a6{;_m٬4\nǛ#Ұ\p\\\\˧>\8\:q\\L\߉ۥV\_K˩\0N\ppT@@;yt\\CgN=8i\\[>w;t\\Iyu \ێ5\nJJRR?*y|W\\\"\5K{[H\Z[\p\Z($\\0\0Ot\\n:?m\Q\\'\\j\\edߎD\GWΕ\\r\T\+\\7H\NIz&jC/s.nz\\CX\7>[\\I\\	\\\0GW? T\D精һk3\kZ2lmFD8)X\rݭ\\v\0\\qq&\ָ\yo\c\a\\"\HX,\)\\h#p\Z\K\\A\Y\ua{k(x!C\ٕ\=<T\}7}\lzn.7<W+Ygۻ\\0\Z\0^KO_\\䣁\kD\0\ʺ\\é\Z}.K3{)kw;\DҀ9\\ZN@()JQ\\w\wa\\\=Mc\4Ƨ<!\B\ߕD\\hY:4Rf/k\e\\|\\\\	,56;#[_\K\Z0.Е*aff/6o>\h|N\m\\t\rXmP\\Z(UT\0\0\\0+\K\\kq\p\\ElN\`K\,9\n	,H\0hպW@il\\Z\\\Ky\\\{;xԼK#b@\0Ul>=S\kU^\\n\0\.\4\Z\\6\n\'S\%\r\rpX,\!\\OqU{\\K9\>\b/_(.5\m\\NK5`\Zv\YC4\0)@+cd\\?oQv{cogK[\m\\i\\4ǜ\G!a\C{ݬ{Xu\o}\ka1\k]kyl\e왈=I@iuEDA}t\ۓ\\OM}6i!aǏW%\n׹\P%\L#\* TUP\ӷN}:q\t\ӆ=\sJ*R\0<\(\cP*Yڔ()JOWB\\n\m\қQ33pc\<l\\K\-\\\U\'UYu:\P\\vI\\I\'ദ.f\0ьHܴ#ԕ\	\g\ڃՎ7\O\Yxxq\Yx+\ZsϨjE\\\X\\n\\0ch\0oլ\I(\v\\0oNg8)P)J+\:R\MS\79s\a\b\\,\)-\n$Fʺ\p< O\sm0\U:)S6dh>\kN\\6\zMVz\\\\'\\%f\n\?\`\\;qR>\7;%6<{]\\I\ڱK[y\\HVRT4t׎\w\0\k\r\\\r\o03\\r\&(/|~UԂ8ΰ^[p\ȿ\4\8?Kz2\5nt.b\^\Ӟv)RB()JJRR\\\_\ks,p\\=\\N\`K\,9\n	,H\0h\\[oK\\\Ic\\\e\erwKj^I\TEPIb@\0Ul=U\sT\\\j{\.h.5\m\\ΧKE`\Zv\YB-S\sU^\\jx{\.h.5\m\\ΧKE`\Zv\YCT\0)@+g{X\+\QV+\\`cֺ\ٚ\O\3\?z?\"\0>\$\c\è\}E[\\X-\Z\[\fk-?d\Gq\L0\0CH,%\n\3Nܝ;bzk\IM,V\޲-\ܠRg`QtӧnN=5٤&}\\J\+^\oY@\P3TPQUFi()JJRR?y*\G\\`_\r2POZ\[m)`xsdq%}\"\W\\\\6f\\\~/W\p[\Bא\K{32#Voo\\\\6\g36p};h\ĀI,\\36%5EN?b\\g\\\+[$k~\\\\\Z5y5V\\0#\V[<\Iff$}\$ק\\I\\UdW.jwTQ\i$MH+\R(}x\\Y.7\\\\߬\N\\r0\چ\\ \ܤy#\\S\\ey)\I#\\\ru\\Cy}c2T]\ZӠ\\9uH\z\E91J\\ \rGTw\\\͆\O\Z0KY9k\\ \`$M*@e*ʬ,C\ON\4\xLm\iil\y+2\\\jk2\\ĎE\ח\\&h烪WFՒW<;\|M AH\`R(j?z\\Z\\Bޚ\zr:;9x\\0\;,\\7#NDOn)@P\}wzd\\\\΃\ZLߵg\r\HdA)WItee%X\p]vVНK\L\6e\\\\1\mPY홉~\]AV9*a2n\{a\A\iYo\\3\\\$2pA)WItee%X\R{Xu\o}\ka1\k]kyl\e왈=I@iuEDv\a\WuWe\r\qu\5f#\~8&~E\0!`}\I\\tӧnN=5٤&}\\J\+^\oY@\P3TPQU@\ӷ\'N؞l\B\`K%ps7K{w(ԙG\*(T@4Ҕ\0)\JWʣɏ\0x\\\0Z\~\\Ƕ+n\>\\\fo\\:R\ey[>|\"RAyH@G\3*62\ރ`}\.tV\\rY7\\\̰\fy#!\\\^:\~wo#\\\2/f\aR\\"9<(Ėfc_ⷵc{Ry\'>\\юnv\WcM|\\W\\\;{:\\\\\\\Ж\a\bV\\\j	)o\nxQ\%,\KIK\\){Ia\?Z\4.jp[mV&RR1$D؈+\()JJRR9 \\KjO%\z\\\%\;\'hgO*\~_r\ֹX\\T\<TıJ\VE֊M\'lپ\3\"X\%51\/\\\Z\<\\r%\i\MYu[\c\\$\\U\Еu#\H5NG\\\[пs\\$\\nךr[S#3L\\y\T\$?$\\ڱT\"GW8\\\\}*j\>Ǯ~UWw-P4\'\Ҵ\0?ު\0	w/.v\V\?uE\\ny\\m\@Qx\nk|lo\P݅\Kd6\~?z\USճ\\r\y\KOpѹ?j^Kz)\\0:S\ҽ&R}\Z\v:N-\m5bˣ\\\c\\3\غ$ro\(\n\Zo\\n\L\}\W\kVi\\\1\\G*\\U\E%YIV\\\=z\\U\쭁\X\5f\L\z\\\4\\"YӼb;\\nZ\0-\\	,&\ZcD\^2Y]\?\>X4RT\_A:v\\\\_MHXbq\\\WZ3z\r=I\}D\n\0t\gN:v\\\frY+{e[۹@\\>QBEU()\\\0ƀ\}<W\5\\2\\%V\yg@%>\ɨ\{\)\릏\im\\P O\*\`\\\\K\>5娫gjg#P\\p\\T\#jNk:\Zp6\i[\s\\3_\yQP\\F-\nߒ̾\rǼ\~A\\'\בG<;z\\;\o^\w\p%82\+\e\a>Hd.\y\0?>\qP{)l\\\;ח0譮emRIZF+W\\|\o9ԹI7Y\\^\\\4\\\J\\#,\ĒXI>\y\W\%s\\\\(\8\$M+\R()JJRR()J\0~~8\\\\}ݙox\=N{Q\0h\\|!x\'ߚֲy&䷱UTR\j.\+E`5w9\BrzX6+WՖ\etu\x\<{\\\\Uf?H\\Sxd\\ViLi \\#y\\sır$\0\uSUH\簿\\Œ\_Mms\	J<l>X{R\\ȲIO(G\\+ܲZ\t]\7ur9\6VW\*\۸\O:mG{g\\%bFDe\\\m\}T]\\\V8wSaNDP\\dԗiן\~ [%O6,\n\\\0\\L\(\~\Ƿ\0\$TKm\\s(P\\Kz\?\N\\"\09#VX\}M]`\ָ\~q\0;\ɗ\\T!z2ǔN\J	:&i♒ Ho\\\Z1;X^7璲\'\O2\0j\~\\6M\\x3(\0\Z\J,\|P\H\\3푽\\9\'o\051+\\|=7\\Y&\W)`6]WqQe\\0?G5TiT6T1Ǖ\:	:I\\<\\0\_f$\@\0P-\T\X%kvGC\ȥRL\\\fV\nr?T#I\\\i\"\.<VWC\-\__5\cO7/,Iͧ\W=Y{\5Odz\\7D}ߝ7}8\\\"\a;tS\"1\\\ڝ4n4H3\\*Y#\\Z͍?i\\rB=\\R^^\I<ҹye\3<I$\0\Zr\0ŵj\=0ݽRKɻ\ok^lX]\z\\ylwn\\S\Щ&~iFb+^\\$*3=L/\J\r\iӤ6&\\'8)XM)@)JP\nR\','2020-03-20','nonTraite'),(4,60,_binary '\\\0JFIF\0\0H\0H\0\0\\0C\0			\n\n\n\n\n\n	\n\n\n\\0C\n\n\n\n\n\n\n\n\n\n\n\n\n\n\n\n\n\n\n\n\n\n\n\n\n\n\n\n\n\n\n\n\n\n\n\n\n\n\n\n\n\n\n\n\n\n\n\n\n\n\n\000\"\0\\0\0\0\0\0\0\0\0\0\0\0\0\0	\n\\0H\0\n\0\0	!1\nA\"a#2Qq4$BR%3Sbr\Dc\\0\0\0\0\0\0\0\0\0\0\0	\\0;\0\0\0\0\0\0!1AQqa\"2r\#BR\Sb5\\0\0\0?\0RE\0)@)JP\nR>\م<J\\kd:\7\\\\m4:z~<5nf\8\07e/p>A0\\gf&\]2\_3cjorW\\\0-{7e5\\\{x˼~T{\nN>\\\?Ֆ\e5\\`*q\\0\ -<2\'\n:_\=\\7T	$\\\k<{s,%?֤\xJT\L\bxE\/h;@\'N\޿|[]\\g6m\r\ƣ㩡\\T!\f6TV\\\m\+\\gs\h>d\As?B`^\QġQ_\[|)m?S7/<\n\\\ܩM؅ۏaС\Ω5~]\cOc-q\\\ar@0\Lmb\ֹ>J$J\0?_+=&ڣMQ\'\n<vrW\\rOD4_\\\\\yE\\0%\\_Ge+~\Z\(\\jޑ\>G\h2\\7\rw\|]\;?H\\2}j\\\|g?l/cKJ\\hz\X#\0x\?nj[<{\Zx\\Z-D\z*M\'c\\'vQH\累]8\\mn\}GjJǒ[t\qU	2rWI\\\\{i$\.u<r[!FV\0kC\'^*\C˟z\RYP0?k[>ȟm^yO6z%R2f%OMk+,\-dhJY{A\nmz\;LD}\m9C\cK\\rG\\b?:MԆ\P􉼹\r1rO\\o\"N8%_\5\U\Q\\}0\R;N˿\okO$r=_\\Z\-\m\r\\SU\I\?\0\\5^\\fzi\ؕ\\/;U\\{I\&l]\T_)JVj)JP\nR\0)@)JP\nR<{x<Cos\\\\m)ƥ\\3O\\+\c1<2\c4\0W\jriidQ\Z\WR!\8\_V}uC!4\WKY\Q\\qʯ3\?\\A#\!#6\\y{[7\"\\'۫Km\\y68f\\4ҺNZi,8\|?j\J8TD@`\0\0T\ׅ*$Zj\\}s\$MK\"{97\\0\\\wJ\\0\v+Se\&5\0)ԎC\+,}6HbE\n\Z\0\0q+\*O\}֧TԴԌ\D\jwy\AT	#\NI:!aJ:W\\nR\\\'hJmoN5\mMb\{\\g+2[+✇Ԣ$\w\\\h\\\#ֻ1˄\L\\\\K۹B\\\:\ʖA\`\ӧ^\]:\z\VNA},6\\\UA\\ O2r>\]JFV4ߍ\Χ7w=/.Է\w\\di\0T*$j\"*\0͝;uڏ}\\[\ߘ\e\J\o>\\\0lO#IuV\/N{t\\S\Z/9Xۏ\^-\@Nd\}ʺt,sM\0)@\\P=\)@zYLN37e&;)aͼ\RXf@\\GH>\\Q\0\ӯ\\R\wZ\\v36y?[\"UT|\b<*\\?\\\y-M%5[;2\ˈXv*-Ӻ7\'Լ\bB}lv\균}Tp\\$nX[|}\7܀O G\'ďz~^_v\\\rzVCn6\f7ܥOx\aP\麋a}]\"\"\\6\\ϕ&\i#\ё<,f\ru\\%/\\ӗ(Ne9RH*r!ι௿5\fy5\Zu\X\\=\\C5Jr#\\AH\^\C\\j\IG,SƒF\T8)_\0)@)JP\nR?hɮHR=ɬ\ЗB;\\{`\\rǈ`V}Cck-\\>\\"\\˖e#3U؆\tP\\ؙ\>{=\\\\\7\\/{9K\\u =\̀N%\\XT؋gޞ;xiX\DԺ\\&[ZdJ9d\\Z~T\\\\\t6\r\\kI\-p\\	\0{s>\ެ5{\'jO$\8oI\\c\nRQ9cMYlWx\0*HS\0)@)J\N]v\\0v\X\]\\\.\;G\Q\FyQ\nC%>)\y\J)\nI]v\\0v\X\]\\\.\;G\Q\FyQ\nC%>)\y\J)\nIK\}s\\o\\\\M5-]\s9)<C\\0DU\n\Z*\\\\\\~u\՚9RM!\0¢*D@DEUP@@)JP;\úwQ]ޝk-\Z\ˆ[-AdO\̜pF\24\ӧ^\]:\z\VNA},6\\opת\ew\'ә9r]#+\Z6V\\ԇjΣ\7cn\\b2rEk5\\,oh\0}9\ɌS-1dw\+\kqd\\;6\i\x+\\\\Mf-8\4K\'\\bs\'/\'()J\\2\kP\ZQ\\]k\\5\ZOr`\쭇eG\r\c^?`\\'ĕ\Z=Jͽ=#n\Kd\Fφ\cCw	$%\|KxaH\|\\n\%;,6JiWi\nU*OM\0~\*\oX~\Z\'fO%\\\]1\\\\*,\SÁU\\>ƃ=\0\\\{z\\ݒ\\ \\b\\\+jI	q9SO\nJı㊭fJy9%Mw\Ewe]#\3EMhRgR\\PO\ހ0\t\\T\F\\\x\8\\sq#4Q\\\\ZvM\`xtMD\Uv\"!}$}io~\'aS\y<\\\\کK\0DՉUPY4\v\v\|~\\u常\9\\+xTB>\S@QϹ8\\'m-1\çXpk{k\{\;\i\o\k|0e1w\y\0#V6\?Q\I\\pQnKGH\JH\V_S/w\~\OTE)JJRR\\iM\\ƱԻͩ]vy%~Ke`|SRd0\\iM\\ƱԻͩ]vy%~Ke`|SRd:\\\S{ߍחڛVj[\\\rRyI4\\0\n5U@U\07\}s\\o\\\\M5-]\s9)<C\\0DU\n\Z*>:Ry`k\\&IX\E嘓\0@ k\\\&I*F\bO\0\0>MX\\\p\\8p}~u\\;\\\66\\rG?0>O\r\\_!d\r,w\}\HA]6G{|\f#٘z\&R()JJRR5۸n\%W;a KՊƔ\\ۆ\]\0$\\\f\vEތ\\onlns?-\r\\'N\ z8p\!YYEڴl7p=51AZJ\[)\x\K	XxK\\$	!K\쭸E\bO\O4\ρv\I\\h+]$*\N\)ԭY$Ms\׷\\t\fM\<UŎCu%\-F\^7F\0+>\+\s\UZ)\0\\\\uR\)JP\M_\y\\\\/,I%n\\\0hAI/>rx\>\D\"Q\]\\\b\x\<\\\\yFf+}rV\z_͆\,1ػ8l,\"	ơ4Q쪪\0\0|S<-jlZR|9O\Tɇ蟓ޙȩ\w3\0\0|\nR)JJRR=\\wi\m\\1{.=L\\<-ʌS\\>\\\+\\]6\\Ro6v\\=\\3ʌR-ՁNC\\QHUH\_ﻝM\\{~7\^_jmYo\3\I\$\`\0*\"TH\DUUT\\]\\NC7[ٮ:Uj;\f\2?TQ@TP@P\0ZJRR巂k\\&I,q\\\0\\x&-\gFhx\0y}8N[Bɮ\X\omH\r\m}\\\3~ہ\\p\\0}~uMy\"\}}Ԁ\\\\\\ᣈ\0f	()JJ\\W,R]Hj\c\yek\Rc\#pI\'E\UUVJ\\s\5\'qהz\rl࿰O/\\\}_~`A@[~{y\ϹNXΣq\߈\\\_\o%\`^A9Y*\v()J\\2\'\\\Ҁ-\0p-i=\Vai\\$9 -\|\\c\'\\7r6I\\Ò\g1\X\\.W緕\nHb*\ź+\]Uv:͋O\\L\?+7\' \0]xh\5\)|.\ܿ\\m\\Q-\\Zg\Z\0m\`P}\*t\pq\<V\v\\u\ڼՊϦNsral\L\'VRG\gS&\r\i\\zk\r{\cjzn\M\\	\;\ry\\WnI9c\X-Y?\\\17T\ ?x?ҼX\\il#Ɗ8\0\nr<󫖖:Zv\͍L\+\\0x\PG+tLRA()Q\\{\v\\\ͽ7R\\ƙ\\\ܨ\_<@\\\iH\"\\6\m\KڗϦ4̏\\FJ)\bN.CL\@\\jsɺ=B\w{7\\\5.ԙ\\y\u3}\\T\0Q@TUUP@\r\\M\\tsٽz\!uV\=\o7\k\~ʠ\0\0zJRR巷\dFh1<\0\04\	[khI$`ƪK3\0V<q>Hv\\\_:!dג,w}\H]46##ٛ\N\'Ӊ[\\\D,Eo\'\0+\\\F\7\٣\0f	()JX7/pNkt\\GM\\}0a֥Z;~\LvV<\n	$𨡝ʢpN\9v\\\)ԏR:\N`\\\nv1\ZFH$¢weEf\}\\0\\}F]o\\0	[h\ep\aK!<\nҰʋhs{uu\\.>\Imtm\5-Ȇ xVrJ{*,qҔ\v\\o\okm7\a2ǅ\\j\0ܘ&^X\0c\\Y\\\ӸgN\:r\uӆEgpwl\nwQ|y0\dRTy\\ߨ\\=F\o\\e{;}_/\'e\60L>.`DǑʳv\V	\\\3N\9c:\S~\"\\3+U߅K;>r)WBU\@)JP\nRG\QDgޏ\}4v$M\)9yl^\UT\\@{HS5\\E\+iPWLDa\+\A\ryk)YL\n\\^\@nE\Ӫf8=\\\YH]uv&y\r\\\I\1\\\G<\ }<\\Z[=\\\rtdj9:`#\Stt?O\Z\?\\\e\\fYKyܴ\\\t5\\6SQe\0K7\\\1\K+UQ@m6;\oM+c4\JgN\\zz\`<ӿ,MJ0t\\\_P\8hp6\\'N\\_\dn\\OUq)@)JPf\!\eM\\\%\d6!dog$\x\\1\K\\F=oj{>&CW\~B|#sgV6ܰdD\\n#\\0\"(1X7o\黩\r/}\3\6V\0|\m$ HA\]K#Ve Q֕]ϻauڳ˭\|g\\~ƍ\VV\:0h\\E\VX	-\\\\\@)JP\n\>\]Yt\op\%jm$zKړ\rYզ\\\\\.}xY<X\I)\\P\њ\I\6\k\ls8L͔W.\gC\,R!*\\A\Z\?O\mj\>z\_fv/5})4\Z2\F宭\r\j\KMn\,c\\&ƌ\ZOq3_hKc\l\ewK=崊9b	WFR`x \)JXc:v\\Ӿ_^ur\\\, {\\\)1YZDHf\\UP\\Q=vu\ӷnJ\'\/aao\\Rb\\\'\UP\\QBwU\+Q3\&\6;i->gY3\\\*e\0\0D4\\\\0\L\\\e\Z4\#FAt^\N\\!\UҰ\Z&R\0)@lk\\@v\^\6S%-\2w\Y\\Y\,xnZ	}Ih\nZ\'<U\=\ӯqq=Jt٫E\' Kqⷸk\Pe\̜WR+g{XwN\+QVӲ\1\\]yp\e,߀}91Nh؟fF7\-\_^:\Z\\ԧM_\r\d+{U[+>\\u*\YX\JRR\"\\YzCW;\jc6%$s+\PO5l:z\Q\\\\]s˝\W	G\";\_R\ON7jO\4lC+\\$52lzy\\8nXfKl@\_K\\k\\\\\_y\\\\Q,QS\\\Gh\"\{*T\\R2ۇ8\r%i\\\\ܙ=\\\0Nju\\\Hp	ʫᨥvu\:/\\Zޫ}P攥I\DR{?G;Զ\v\	\-\Gm/\'!\\\\)_YՒ?&P\0)@`\\r\UӞS\\|͇\\[R#\*Au,\#\0l{Vuu;\^:\ԸѺ\\ݖ\P؆\0M<J\%b=\\Z9\5{v\ϹONYN\\\w\|Ţ\\\\NU\*\Y23)\ڳԛ&\\%oq}0\hz\>\\n\KFX{2H\@)JP\n\\\\ݶmL=Of/;{q#r\V\9gf%_pI1\\E(h\eIc5Զ9f\+\F_t\\[H\)te \rb:\\۷WN\~z\\\Ұ{\\\)1YZDHf\*grµ~\\\.qi\b{^=\L!\\\uVWeP\eB\Yuu^u>o-c\\C\;{,0>+\\\Y\\r#\0\0TH\@\;݃yo\4DYܳ\`,^xg2\@i\0G\Zj)@)JP\nR2v\^߯8v3\m\#\y|9?\~\>???\@aR;uڏ}\\[\ߘ\e\J\o>\\\0lO#I\۠:u\5Ӯ\'N5h\\\\cn<V\rzWq}9*\Uв2el\k\\Ev\*\zvV\;}k.l>2r\)-\\\F\]~\ӧ^\]:\z\VNA},6\\opת\ew\'ә9r]#+\@(IƔ<W,4l9R8D\\߸\\6+H\\lH*Z\y/\nի@\}\\]1\\{[E\rI\WT\Ը3>\/QQlWInک稽.ΡƮUfbV\O\mҟQ\a\mӒ\\\\θLxb=\+[HO\<\\Zpk@~,2\d\\2\\\\\o<\kfbGli&\Wȩ\2D9+A;\w\\>қC\ӍcwSXh\yGe\FJ)\!\u(*\${B;\w\\>қC\ӍcwSXh\yGe\FJ)\!\u(*\$u1\\0\>77\nCP\\rC7\\\ߵ_o8\0**\n\\\u7\ߝy}fk\g%\'H}\0pQ#PUTP\P@p\w@}}kc\\\N\0Ԋ\0X\/dc\}\\{+[<\U [i\\VH\2:7X{<ՎO\-\_Z\c\qv;}YI\ZG\}\c\0V>p&\0)@a\۸N\~\+\dWհ*^\\UH\R2r}*\Y2;)Wu^\]Ev\&}\K\E\\Z\\ْ\?dO:y(KF\Y\Z9\uz\\On\;ek\WHG\r_V\\0{U\"+\IH>\\\)dp\\\n4ҶjOu>\o%\"\\hogl\eV\y\'ҝ<K%b,\\0)@)JP\nR;\|uor][g\\S{\6\\oe-\rƳk[v2Z\\/ \x@}>O\Kl\s}ؼ-\塸\w\rknÆKU`Vk$>~o\rb\j\C5\+\\ZLb\\\/\~\\}?\\Ǐ\\\\Ic4\V8l&\+,N\'j[\\ơ#(\DU\0v\V?Tv\\WS\\fb@Z{q#p\͘\*HS\\E=_Wi-/GCk9c\e\e\\V=弊RHeWFRAR Uo>QۗT\M\\1{\nT\Z.\F\m\c\=1\rT\\)\JP\nR\\\Wj>eo\\0~cֺ*\\PY+\\0s\',bѱ>̍$oon\׸\N:lբ\0_K%[\5\2\]\	\NGܫWB\\ƍ;uڏ}\\[\ߘ\e\J\o>\\\0lO#IuV\/N{t\\S\Z/9Xۏ\^-\@Nd\}ʺt,sM>H\\\gۍ\ċ\\8us(?q\K\`O}6\"\|\/98\\\\9Z\\#I-Rv~\0En\\M\"tr*s\'=ض\\fx{s6^\0okJ~ܫ\;Q\HO\-x\0ƷX?z~,z\Z<a\\[\\\_\0Қ\r\+N\\\Xj]\\\.\;G<Q\FyQ\nC%>)\y\J)\nIK\}s\\o\\\\M5-]\s9)<C\\0DU\n\Z*-\+\wk\\&[5\jGk\;\\,1\Agf\'\/uZH\~\F\ǻ\\ߍfkL\#\8 9WFR)(\\\J\'\G)@+\\̗64oGFᔃ\ ^*P@q>\w@}kuMw\Z\cۃ\0\c/9Oec\pgʠD\k2\\[J\$l\Z7F\\>}8Q\;.\Ǯ\X\vp\0.Q\\a{#kR\=	)@)JPg\v\)Ӷ_t\p\l/\\n{\R\"\L~\nG\j\W_Q=f\\p9\C\k;fK,k\>\\X	-Adx\{z\\_Nݺv\+Ԟ\\n\\/YI\\\"G3!UC;Df\n\\S\Dϼ\|q\sKoE\=ɘ\VwS,\\08\\r^)@)JP\nR}=\0O\M,\w}ؼ5塸\w1?\rknÆKU`Vk$>~o\r4n\{s@\6e\'X-\\\P\h*\Aڳ֭釩\\gbWҗOq.e~Z\\G,Ĵ\\\	2\<\kL\\eIc5Զ9f\+\F_t\\[H\)te \r\R\\\#\hms\s\\ylVN\gJI*\\H*A+UO\\\=uM\T,\o\\\|\\W7o;Y\وXn>~4T\5v\\0J\6\v9.^\[<+%j\\[ȅ$X\te$ V\S\\\]uU\T-ao\\\KOq\$n\v<\3\7%IH|`\"\0)@l\k\\Ev\*\zvV\;}k.l>2r\)-\\\F\/N{t\\S\Z/9Xۂ{U[+>\\u*\YX\\'ko-`l0;ko-1ǩ3\(\r#H\/{r\鯦\$,18rY+{e[۹@\E\nT<\#\P\\?P\g7\\0[\+A~\\v\\6$\0hjL^G/\k\s*Kpkgoo\l+필/\n\[\\7O/\[\0梛\P\x1n6\Kp^\\6LR߹դH\<d?̚<$Di*\x\\'ȫ\rT9\\\hm	Ժqlt\i]^\c\ߕ٘\\\i#)[BP\}#wzd\\\\΃\ZLߵg\r\Hd\9WFR)(\\\J\'\\\Z\v:N-\m5bˣ\\\c\\3\غ$rT\}#wzd\\\\΃\ZLߵg\r\Hd\9WFR)(\\\J$)@+\\ֳʹh\Fᕁ\G\T,\}Gpo8>:\\#\\\O\\E\0,v1ㅎS#\X\\\ֳʹh\Fᔃ\ V=p7\\\'_:\cבv[}99]J\F\G\37Uz\믧n\];e\OX.7_J\\\\\s\ei#ՙOʢ3]u\۫lRI\\\q\\XX[\b\"$z?\rT3TFaP\\z\\Lɼ͎cK},\Y\L<zg 4\0Q#\0wT\\Wvg\M\lv\[\}gr\ef\y\՝T\9`\0\niԥ\0)@)JP\nR;\wm[g\Sً\\\毿e/\\F\\HܵպY\Yi\\ey\cJ\3Yi=\\X\}u-g\\,\(x\D%]H!\]UG\wm[g\Sً\\\毿e/\\F\\HܵպY\Yi\\ey֘њ\I\6\k\ls8<͔W.\gC\,R!*\\A\Z)@+\\GK\+\\\M\\0)l򸬝\oyo\")cpUєT<WiJP\۪{qjީzZ\_f631}\ͲOq\%n\v<\3\7%IH|hj#J\6\v9.^\[<\'\'j\\[ȥ$X\te$ 	VϨK\\\=U\T\,\o\\\\E\H\-\ygf!anJ\"<EUl\k\Ew[\*\evZ\alw\Z\Z\[3Yi&b=G\Rg\P\ZF\Qd8\c\è\E[\\\-\Z\[\vk-?d\Gq\L0\0CH,%\n\3Nܝ;bzk\IM,V\޲-\ܠRg`QtӧnN=5٤&}\\J\+^\oY@\P3TPQUFi(9?j\'4\\k\'%~9\\_%b8 \A}X%\\\G/\\g9i\*O\0X\#Z\U\\ğh՘DrnkM\L8N7/i\n\%k	\\\\\\\0N	W^\[\\ܗl5M\\Ee\`d\0n|lGH_\|\x0BKlF筪㬘\\\~9uB\'\3Z\暗\\)J\\\hm	Ժqlt\i]^\c\ߕ٘\\\i#)@P\}#wzd\\\\΃\ZLߵg\r\Hd\9WFR)(\\\J\'\\\Z\v:N-\m5bˣ\\\c\\3\غ$rT\}#wzd\\\\΃\ZLߵg\r\Hd\9WFR)(\\\J$)@+\o<ֳ-ʹh\V!\G(\է_}`u\4\5D\c\i\ʼ[@\\\'\,\\\8\t\0)@)J\\\ս\umSNa\\\\7\Z\\6\m\p\j\n\p\g\\\\\9\\\\\}\!\{-h\\e1\\5%\6^2?SޣE=ջUu\oy,NGin4>d\\+伓\NJ%ѱGG.њOnt3@\5c\al\\qvj8\0TEP\0P8\0V/뻡>t\鯩]\"6E}[\Tm% S\'\'߂\#(\J\꽪\=\L9?\8Kq5%~\X%\JtQ, 4r>P\nR?\)=v?rڃa\@\J\ۖ%>M$c\Iv\0_\\\\\MY\\\W\\\\*\gCG,r)!\y\0}@:ߵ\<C=쇕ͪ\H\\\ܽK@\KMl\,c\YSہ7_C\w/m5f?=\U\\m{m\"X\RC+)@wT(uzHi]\\-\rݎc\-\ڬ)I\"7]IH k>蟦>lJ;Qc\\O}=\\JܴM+40(ؕDD*2\)@)JPr\0Tv宦\wJm\\\q\*+\\\]\\\]HNaS\q2CI!\\\U;ou\uw:;V\MW>?\"?*@Y\\$\n\0\5œv\{\Y{>Z]]]U\zRsa9M?\\/^\\\;I\<4RF`np\[馥Ck\\07>\/\0\}U\\\z:ߧSҦ!\y\0\\\98\\\ȣ\\p3XF\պ\\\\?l{D\\W\nn\;\v%ȕjS\*\8R}\Z\v:N-\m5bˣ\\\c\\3\غ$ro\(\n\Zo\\n\L\}\W\kVi\\\1\\G*\\U\E%YIVu[c\ͳtŽލ/qugrN1\{>\\;^UJ\&\nO[\=\\\\r5\A\xL>Z̿ce WRUՕ`H/JRRJ/\\\Rw1װ!Ԗ#ح?{a\\7ᬭ\\l=\2$h@~\Ww$ն}Ou;\lV\ZQr\\k;ۆa\%+5\Q?7\\Z7Fi=\X\tՎ	\\ڬvH\4Q@@\M4\\,f\:j\\r\YEe\\-V{;x\$qG\Z\0\0\0\0ڀR0\]\	\\SlM}J\\\+\\_/pE{i)ҙ9>e,\+jOu>\o%\\r-,#[\\2Yg앇\^IO%Ih؂#G#\nOqN\_\Q]fY\Ca#6\M7$172~[w|c\nyFe Q\\å&\}K6pWi^v\\S%\\\+,W^Q{fR\'?O\\;ak~:\\3\\y]Z:B\F\\k\Zc\5S\fjP\\\\;z\=\ٜU\\m{m\"Icu$2A\\l>~\\u?Dz3C\5\\\\[͒\\\\A\n\\0(I\\rh=\vic\0\\@)JP\nR\ҿGױ.M\I2io]};h\0\;Ŀ檝\,\M+;\ǒI$\k~\	4?G\{%\>v8\ᅤ\n>\$\#\0޵\n9\V$թ\nlby\\8umfKN\_Ku\'\pOl\hβS\\\\Zo*\]K@f?RS>kYOS\5\rZm\M~Oo3lVޅ\,\\㼶<rh\O 0 h\\\0(\\=Y\ZmLX<^e\W\\e\		>\JZUSV\rf~h\\X~52|nV\)\)JJRTx\\C\\voc\\\\XM1\Os,1\G-$rZbG(΍!Ԡ(W{7==nwe7Cd4֪\Y\\2Mk2ٔ]IWVVRU?/V\\؇k\sn\Ǐ\[ݦ\cSȞ\!^XcoʎZ\"I\\,ĎQ\Z;ǳ{\\\\vSz6CMj5{,\)ֳ/\H!ԕuee%X\ҕ\'?O\;k~z\\p;\qst\汳b)3\\\\<O\\k~\\0;\\\<\1\rcf\`Vg_\3\y46\\;Q1[kO\|V8l6*\`B\qUT\0\0\\ڍ\M\x\\\aVj8@\n\0wT\0+\Km\\s\p\\=\\J\`K\,9\n	,H\0@5v\KduƹԖ8|.\"\[̮W%t[\\ƥ\YDU$\05V\0O\\=\uE\K=,f\p\\\CAq.#~V\u<2Y\0\[\<>_OT\Z\7,\\f\"\Z\\Fܭ\\xdVn%yx$1Q@)JP\nR;Ol;g=ί\׶\\\Zvy\\ۆ\iXp8UwGl\=FwM\6\a6{;_m٬4\nǛ#Ұ\p\\\\˧>\8\:q\\L\߉ۥV\_K˩\0N\ppT@@;yt\\CgN=8i\\[>w;t\\Iyu \ێ5\nJJRR?*y|W\\\"\5K{[H\Z[\p\Z($\\0\0Ot\\n:?m\Q\\'\\j\\edߎD\GWΕ\\r\T\+\\7H\NIz&jC/s.nz\\CX\7>[\\I\\	\\\0GW? T\D精һk3\kZ2lmFD8)X\rݭ\\v\0\\qq&\ָ\yo\c\a\\"\HX,\)\\h#p\Z\K\\A\Y\ua{k(x!C\ٕ\=<T\}7}\lzn.7<W+Ygۻ\\0\Z\0^KO_\\䣁\kD\0\ʺ\\é\Z}.K3{)kw;\DҀ9\\ZN@()JQ\\w\wa\\\=Mc\4Ƨ<!\B\ߕD\\hY:4Rf/k\e\\|\\\\	,56;#[_\K\Z0.Е*aff/6o>\h|N\m\\t\rXmP\\Z(UT\0\0\\0+\K\\kq\p\\ElN\`K\,9\n	,H\0hպW@il\\Z\\\Ky\\\{;xԼK#b@\0Ul>=S\kU^\\n\0\.\4\Z\\6\n\'S\%\r\rpX,\!\\OqU{\\K9\>\b/_(.5\m\\NK5`\Zv\YC4\0)@+cd\\?oQv{cogK[\m\\i\\4ǜ\G!a\C{ݬ{Xu\o}\ka1\k]kyl\e왈=I@iuEDA}t\ۓ\\OM}6i!aǏW%\n׹\P%\L#\* TUP\ӷN}:q\t\ӆ=\sJ*R\0<\(\cP*Yڔ()JOWB\\n\m\қQ33pc\<l\\K\-\\\U\'UYu:\P\\vI\\I\'ദ.f\0ьHܴ#ԕ\	\g\ڃՎ7\O\Yxxq\Yx+\ZsϨjE\\\X\\n\\0ch\0oլ\I(\v\\0oNg8)P)J+\:R\MS\79s\a\b\\,\)-\n$Fʺ\p< O\sm0\U:)S6dh>\kN\\6\zMVz\\\\'\\%f\n\?\`\\;qR>\7;%6<{]\\I\ڱK[y\\HVRT4t׎\w\0\k\r\\\r\o03\\r\&(/|~UԂ8ΰ^[p\ȿ\4\8?Kz2\5nt.b\^\Ӟv)RB()JJRR\\\_\ks,p\\=\\N\`K\,9\n	,H\0h\\[oK\\\Ic\\\e\erwKj^I\TEPIb@\0Ul=U\sT\\\j{\.h.5\m\\ΧKE`\Zv\YB-S\sU^\\jx{\.h.5\m\\ΧKE`\Zv\YCT\0)@+g{X\+\QV+\\`cֺ\ٚ\O\3\?z?\"\0>\$\c\è\}E[\\X-\Z\[\fk-?d\Gq\L0\0CH,%\n\3Nܝ;bzk\IM,V\޲-\ܠRg`QtӧnN=5٤&}\\J\+^\oY@\P3TPQUFi()JJRR?y*\G\\`_\r2POZ\[m)`xsdq%}\"\W\\\\6f\\\~/W\p[\Bא\K{32#Voo\\\\6\g36p};h\ĀI,\\36%5EN?b\\g\\\+[$k~\\\\\Z5y5V\\0#\V[<\Iff$}\$ק\\I\\UdW.jwTQ\i$MH+\R(}x\\Y.7\\\\߬\N\\r0\چ\\ \ܤy#\\S\\ey)\I#\\\ru\\Cy}c2T]\ZӠ\\9uH\z\E91J\\ \rGTw\\\͆\O\Z0KY9k\\ \`$M*@e*ʬ,C\ON\4\xLm\iil\y+2\\\jk2\\ĎE\ח\\&h烪WFՒW<;\|M AH\`R(j?z\\Z\\Bޚ\zr:;9x\\0\;,\\7#NDOn)@P\}wzd\\\\΃\ZLߵg\r\HdA)WItee%X\p]vVНK\L\6e\\\\1\mPY홉~\]AV9*a2n\{a\A\iYo\\3\\\$2pA)WItee%X\R{Xu\o}\ka1\k]kyl\e왈=I@iuEDv\a\WuWe\r\qu\5f#\~8&~E\0!`}\I\\tӧnN=5٤&}\\J\+^\oY@\P3TPQU@\ӷ\'N؞l\B\`K%ps7K{w(ԙG\*(T@4Ҕ\0)\JWʣɏ\0x\\\0Z\~\\Ƕ+n\>\\\fo\\:R\ey[>|\"RAyH@G\3*62\ރ`}\.tV\\rY7\\\̰\fy#!\\\^:\~wo#\\\2/f\aR\\"9<(Ėfc_ⷵc{Ry\'>\\юnv\WcM|\\W\\\;{:\\\\\\\Ж\a\bV\\\j	)o\nxQ\%,\KIK\\){Ia\?Z\4.jp[mV&RR1$D؈+\()JJRR9 \\KjO%\z\\\%\;\'hgO*\~_r\ֹX\\T\<TıJ\VE֊M\'lپ\3\"X\%51\/\\\Z\<\\r%\i\MYu[\c\\$\\U\Еu#\H5NG\\\[пs\\$\\nךr[S#3L\\y\T\$?$\\ڱT\"GW8\\\\}*j\>Ǯ~UWw-P4\'\Ҵ\0?ު\0	w/.v\V\?uE\\ny\\m\@Qx\nk|lo\P݅\Kd6\~?z\USճ\\r\y\KOpѹ?j^Kz)\\0:S\ҽ&R}\Z\v:N-\m5bˣ\\\c\\3\غ$ro\(\n\Zo\\n\L\}\W\kVi\\\1\\G*\\U\E%YIV\\\=z\\U\쭁\X\5f\L\z\\\4\\"YӼb;\\nZ\0-\\	,&\ZcD\^2Y]\?\>X4RT\_A:v\\\\_MHXbq\\\WZ3z\r=I\}D\n\0t\gN:v\\\frY+{e[۹@\\>QBEU()\\\0ƀ\}<W\5\\2\\%V\yg@%>\ɨ\{\)\릏\im\\P O\*\`\\\\K\>5娫gjg#P\\p\\T\#jNk:\Zp6\i[\s\\3_\yQP\\F-\nߒ̾\rǼ\~A\\'\בG<;z\\;\o^\w\p%82\+\e\a>Hd.\y\0?>\qP{)l\\\;ח0譮emRIZF+W\\|\o9ԹI7Y\\^\\\4\\\J\\#,\ĒXI>\y\W\%s\\\\(\8\$M+\R()JJRR()J\0~~8\\\\}ݙox\=N{Q\0h\\|!x\'ߚֲy&䷱UTR\j.\+E`5w9\BrzX6+WՖ\etu\x\<{\\\\Uf?H\\Sxd\\ViLi \\#y\\sır$\0\uSUH\簿\\Œ\_Mms\	J<l>X{R\\ȲIO(G\\+ܲZ\t]\7ur9\6VW\*\۸\O:mG{g\\%bFDe\\\m\}T]\\\V8wSaNDP\\dԗiן\~ [%O6,\n\\\0\\L\(\~\Ƿ\0\$TKm\\s(P\\Kz\?\N\\"\09#VX\}M]`\ָ\~q\0;\ɗ\\T!z2ǔN\J	:&i♒ Ho\\\Z1;X^7璲\'\O2\0j\~\\6M\\x3(\0\Z\J,\|P\H\\3푽\\9\'o\051+\\|=7\\Y&\W)`6]WqQe\\0?G5TiT6T1Ǖ\:	:I\\<\\0\_f$\@\0P-\T\X%kvGC\ȥRL\\\fV\nr?T#I\\\i\"\.<VWC\-\__5\cO7/,Iͧ\W=Y{\5Odz\\7D}ߝ7}8\\\"\a;tS\"1\\\ڝ4n4H3\\*Y#\\Z͍?i\\rB=\\R^^\I<ҹye\3<I$\0\Zr\0ŵj\=0ݽRKɻ\ok^lX]\z\\ylwn\\S\Щ&~iFb+^\\$*3=L/\J\r\iӤ6&\\'8)XM)@)JP\nR\','2020-03-20','nonTraite');
/*!40000 ALTER TABLE `justification` ENABLE KEYS */;
UNLOCK TABLES;

--
-- Table structure for table `module`
--

DROP TABLE IF EXISTS `module`;
/*!40101 SET @saved_cs_client     = @@character_set_client */;
/*!50503 SET character_set_client = utf8mb4 */;
CREATE TABLE `module` (
  `code_module` varchar(10) NOT NULL,
  `nom` varchar(45) NOT NULL,
  PRIMARY KEY (`code_module`)
) ENGINE=InnoDB DEFAULT CHARSET=latin1;
/*!40101 SET character_set_client = @saved_cs_client */;

--
-- Dumping data for table `module`
--

LOCK TABLES `module` WRITE;
/*!40000 ALTER TABLE `module` DISABLE KEYS */;
INSERT INTO `module` VALUES ('ALGO','Introduction a l\'algorithmique'),('AR','Administration Réseaux'),('ASD','Algorithmique et structure de données'),('BD','Base de données');
/*!40000 ALTER TABLE `module` ENABLE KEYS */;
UNLOCK TABLES;

--
-- Table structure for table `responsableformation`
--

DROP TABLE IF EXISTS `responsableformation`;
/*!40101 SET @saved_cs_client     = @@character_set_client */;
/*!50503 SET character_set_client = utf8mb4 */;
CREATE TABLE `responsableformation` (
  `id_responsable_formation` int(11) NOT NULL,
  `date_nomination` date DEFAULT NULL,
  PRIMARY KEY (`id_responsable_formation`),
  KEY `fk_ResponsableFormation_Enseignant` (`id_responsable_formation`),
  CONSTRAINT `fk_ResponsableFormation_Enseignant` FOREIGN KEY (`id_responsable_formation`) REFERENCES `enseignant` (`id_enseignant`) ON DELETE CASCADE ON UPDATE CASCADE
) ENGINE=InnoDB DEFAULT CHARSET=latin1;
/*!40101 SET character_set_client = @saved_cs_client */;

--
-- Dumping data for table `responsableformation`
--

LOCK TABLES `responsableformation` WRITE;
/*!40000 ALTER TABLE `responsableformation` DISABLE KEYS */;
/*!40000 ALTER TABLE `responsableformation` ENABLE KEYS */;
UNLOCK TABLES;

--
-- Table structure for table `seance`
--

DROP TABLE IF EXISTS `seance`;
/*!40101 SET @saved_cs_client     = @@character_set_client */;
/*!50503 SET character_set_client = utf8mb4 */;
CREATE TABLE `seance` (
  `code_seance` varchar(10) NOT NULL,
  `code_module` varchar(10) DEFAULT NULL,
  `type` enum('TD','TP') NOT NULL,
  `annee` enum('L1','L2','L3','M1','M2') NOT NULL,
  `specialite` enum('MI','GL','SI','TT','SCI','STIC','STIW','RSD') NOT NULL,
  `section` int(11) DEFAULT NULL,
  `groupe` int(11) DEFAULT NULL,
  `jour` enum('dimanche','lundi','mardi','mercredi','jeudi') NOT NULL,
  `heure` enum('8:30','10:00','11:30','13:00','14:30') NOT NULL,
  PRIMARY KEY (`code_seance`),
  KEY `fk_Seance_Module` (`code_module`),
  CONSTRAINT `fk_Seance_Module` FOREIGN KEY (`code_module`) REFERENCES `module` (`code_module`) ON DELETE CASCADE ON UPDATE CASCADE
) ENGINE=InnoDB DEFAULT CHARSET=latin1;
/*!40101 SET character_set_client = @saved_cs_client */;

--
-- Dumping data for table `seance`
--

LOCK TABLES `seance` WRITE;
/*!40000 ALTER TABLE `seance` DISABLE KEYS */;
INSERT INTO `seance` VALUES ('1','AR','TP','L3','GL',1,1,'lundi','11:30'),('2','BD','TP','L2','MI',3,12,'mardi','8:30'),('3','ALGO','TD','L1','MI',2,8,'mercredi','13:00'),('4','ASD','TP','L2','MI',1,3,'mardi','11:30'),('5','BD','TP','L2','MI',2,8,'dimanche','13:00');
/*!40000 ALTER TABLE `seance` ENABLE KEYS */;
UNLOCK TABLES;

--
-- Table structure for table `seancesupp`
--

DROP TABLE IF EXISTS `seancesupp`;
/*!40101 SET @saved_cs_client     = @@character_set_client */;
/*!50503 SET character_set_client = utf8mb4 */;
CREATE TABLE `seancesupp` (
  `code_seance` varchar(10) NOT NULL,
  `code_seance_supp` int(11) NOT NULL AUTO_INCREMENT,
  `jour` enum('dimanche','lundi','mardi','mercredi','jeudi') NOT NULL,
  `heure` enum('8:30','10:00','11:30','13:00','14:30') NOT NULL,
  `etat_seance` enum('valide','refuse','nonTraite') NOT NULL DEFAULT 'nonTraite',
  PRIMARY KEY (`code_seance_supp`,`code_seance`),
  KEY `fk_seance_seance` (`code_seance`),
  CONSTRAINT `fk_seance_seance` FOREIGN KEY (`code_seance`) REFERENCES `seance` (`code_seance`) ON DELETE CASCADE ON UPDATE CASCADE
) ENGINE=InnoDB AUTO_INCREMENT=8 DEFAULT CHARSET=latin1;
/*!40101 SET character_set_client = @saved_cs_client */;

--
-- Dumping data for table `seancesupp`
--

LOCK TABLES `seancesupp` WRITE;
/*!40000 ALTER TABLE `seancesupp` DISABLE KEYS */;
INSERT INTO `seancesupp` VALUES ('3',3,'mardi','8:30','nonTraite'),('5',7,'dimanche','8:30','nonTraite');
/*!40000 ALTER TABLE `seancesupp` ENABLE KEYS */;
UNLOCK TABLES;

--
-- Table structure for table `token`
--

DROP TABLE IF EXISTS `token`;
/*!40101 SET @saved_cs_client     = @@character_set_client */;
/*!50503 SET character_set_client = utf8mb4 */;
CREATE TABLE `token` (
  `id_utilisateur` int(11) NOT NULL,
  `token` varchar(255) NOT NULL,
  PRIMARY KEY (`id_utilisateur`),
  CONSTRAINT `id_utilisateur` FOREIGN KEY (`id_utilisateur`) REFERENCES `utilisateur` (`id_utilisateur`) ON DELETE CASCADE ON UPDATE CASCADE
) ENGINE=InnoDB DEFAULT CHARSET=latin1;
/*!40101 SET character_set_client = @saved_cs_client */;

--
-- Dumping data for table `token`
--

LOCK TABLES `token` WRITE;
/*!40000 ALTER TABLE `token` DISABLE KEYS */;
INSERT INTO `token` VALUES (1,'1cjjef0haanibn10f7568c95dk5bllakhdara'),(2,'86469k4m3h2h9kel69bblaicc6lglecheheb');
/*!40000 ALTER TABLE `token` ENABLE KEYS */;
UNLOCK TABLES;

--
-- Table structure for table `utilisateur`
--

DROP TABLE IF EXISTS `utilisateur`;
/*!40101 SET @saved_cs_client     = @@character_set_client */;
/*!50503 SET character_set_client = utf8mb4 */;
CREATE TABLE `utilisateur` (
  `id_utilisateur` int(11) NOT NULL,
  `user` varchar(20) NOT NULL,
  `pass` varchar(20) NOT NULL COMMENT '				',
  `nom` varchar(30) NOT NULL,
  `prenom` varchar(30) NOT NULL,
  `adresse` varchar(60) NOT NULL,
  `date_n` date NOT NULL,
  `email` varchar(40) NOT NULL,
  `telephone` varchar(10) NOT NULL,
  `type_utilisateur` enum('etudiant','enseignant','admin','chefDepartement','responsableFormation') NOT NULL,
  PRIMARY KEY (`id_utilisateur`)
) ENGINE=InnoDB DEFAULT CHARSET=latin1;
/*!40101 SET character_set_client = @saved_cs_client */;

--
-- Dumping data for table `utilisateur`
--

LOCK TABLES `utilisateur` WRITE;
/*!40000 ALTER TABLE `utilisateur` DISABLE KEYS */;
INSERT INTO `utilisateur` VALUES (1,'lakhdara','123456','Lakhdara','Zakaria','Constantine Rue de France','1985-05-05','Lakhdara.zakaria@gmail.com','123456789','enseignant'),(2,'lecheheb','247365','Lecheheb','Nassim','Constantine Ali Mendjli','1982-09-03','Lecheheb.nassim@gmail.com','123456789','enseignant'),(3,'Trish','p1wboZ8Iw','Trish','Dowe','236 Muir Junction','1997-12-12','tdowe0@businesswire.com','1','etudiant'),(4,'Hillie','F54QdVw','Hillie','Lakey','457 Dapin Alley','2000-08-11','hlakey1@so-net.ne.jp','2','etudiant'),(5,'Abba','H0gF2C','Abba','Eckly','8375 Merchant Circle','1999-07-10','aeckly2@ucoz.ru','3','etudiant'),(6,'Avigdor','fBECvC','Avigdor','Dawkes','03 Waubesa Lane','1996-05-05','adawkes3@springer.com','4','etudiant'),(7,'Finlay','SAuE6WqpTr','Finlay','Poacher','72 Reindahl Park','1996-11-06','fpoacher4@privacy.gov.au','5','etudiant'),(8,'Ashlan','Kvmms0','Ashlan','Kaas','61542 Almo Parkway','1999-06-13','akaas5@jigsy.com','6','etudiant'),(9,'Yevette','STmaxGC','Yevette','Rodenburg','8489 Forest Run Place','1999-05-11','yrodenburg6@earthlink.net','7','etudiant'),(10,'Moises','nbC0Kjb','Moises','Kerridge','78683 Gerald Crossing','2000-11-12','mkerridge7@stanford.edu','8','etudiant'),(11,'Murielle','XQezc6db54r3','Murielle','Dahlberg','50 Harper Street','1998-10-23','mdahlberg8@archive.org','9','etudiant'),(12,'Edith','2f8PGsjEgj','Edith','Caustick','3 Holmberg Point','1997-08-29','ecaustick9@edublogs.org','10','etudiant'),(13,'Jermaine','gcvTVhx','Jermaine','Owens','38480 Vermont Alley','1997-09-12','jowensa@biblegateway.com','11','etudiant'),(14,'Adiana','IzS0SuwuYYfe','Adiana','Bigg','744 Warbler Avenue','1995-04-16','abiggb@ebay.co.uk','12','etudiant'),(15,'Boonie','JMSLMzHQ4lNA','Boonie','Eckels','3 Tomscot Terrace','1995-09-15','beckelsc@sitemeter.com','13','etudiant'),(16,'Colver','LadQCsms46','Colver','Olivo','14 Maywood Pass','1997-06-28','colivod@squidoo.com','14','etudiant'),(17,'Erica','hUozfYSAVmd','Erica','Sharp','577 Gateway Terrace','1995-06-05','esharpe@narod.ru','15','etudiant'),(18,'Wally','ISt4NpGgY','Wally','Ballentime','01641 La Follette Road','1997-04-01','wballentimef@statcounter.com','16','etudiant'),(19,'Chadd','chcZaOL95m','Chadd','Lyste','48481 Hanover Circle','2000-12-07','clysteg@wikimedia.org','17','etudiant'),(20,'Jolee','ZGeRIE','Jolee','Clelle','471 New Castle Street','2001-04-28','jclelleh@nps.gov','18','etudiant');
/*!40000 ALTER TABLE `utilisateur` ENABLE KEYS */;
UNLOCK TABLES;
/*!40103 SET TIME_ZONE=@OLD_TIME_ZONE */;

/*!40101 SET SQL_MODE=@OLD_SQL_MODE */;
/*!40014 SET FOREIGN_KEY_CHECKS=@OLD_FOREIGN_KEY_CHECKS */;
/*!40014 SET UNIQUE_CHECKS=@OLD_UNIQUE_CHECKS */;
/*!40101 SET CHARACTER_SET_CLIENT=@OLD_CHARACTER_SET_CLIENT */;
/*!40101 SET CHARACTER_SET_RESULTS=@OLD_CHARACTER_SET_RESULTS */;
/*!40101 SET COLLATION_CONNECTION=@OLD_COLLATION_CONNECTION */;
/*!40111 SET SQL_NOTES=@OLD_SQL_NOTES */;

-- Dump completed on 2020-05-22 17:50:56
